tool,acr_setting,patch_files,json_path,run_id,bug_subject,bug_benchmark,bug_id,bug_numeric_id,config_id,timeout_minutes,test_timeout_seconds,fault_location,passing_test_ratio,cpus,gpus,params,tag,container_id,status,success,total_duration_seconds,mem_gib,net_rx_bytes,net_tx_bytes,interfaces_count,search_space,enumerations,non_compilable,plausible,implausible,generated
repairllama,,,/home/carol/Documents/summaries/summaries_repairllama_3runs/tools/experiment-summary-bugsdotjar-repairllama-solr-1ce4d6b3-TP1-CP1-0-89479b951b.json,,solr,bugsdotjar,1ce4d6b3,1228,TP1,1.0,600.0,auto,1.0,"0,1",0,,,2b5363b5ab38,Success,True,3.0,0.028,736,126,1,-1,-1,-1,-1,-1,-1
repairllama,,,/home/carol/Documents/summaries/summaries_repairllama_3runs/tools/experiment-summary-bugsdotjar-repairllama-solr-3a63c58d-TP1-CP1-2-7bc70dc567.json,,solr,bugsdotjar,3a63c58d,1229,TP1,1.0,120.0,auto,1.0,"0,1",0,,,c95d3cc42017,Success,True,5.0,0.005,736,126,1,-1,-1,-1,-1,-1,-1
repairllama,,,/home/carol/Documents/summaries/summaries_repairllama_3runs/tools/experiment-summary-bugsdotjar-repairllama-flink-91a0c8c5-TP1-CP1-0-080cf38d1a.json,,flink,bugsdotjar,91a0c8c5,1166,TP1,1.0,20.0,auto,1.0,"0,1",0,,,6ee31492706b,Tool returned non-zero status,False,7.0,0.405,484341,17195,1,-1,-1,-1,-1,-1,-1
repairllama,,,/home/carol/Documents/summaries/summaries_repairllama_3runs/tools/experiment-summary-bugsdotjar-repairllama-flink-d0fbd344-TP1-CP1-1-ad655972c4.json,,flink,bugsdotjar,d0fbd344,1164,TP1,1.0,20.0,auto,1.0,"0,1",0,,,7652138362f7,Success,True,287.0,12.323,3018034,82469,1,-1,-1,-1,-1,-1,6
repairllama,,,/home/carol/Documents/summaries/summaries_repairllama_3runs/tools/experiment-summary-bugsdotjar-repairllama-ambari-10636070-TP1-CP1-2-65a6200084.json,,ambari,bugsdotjar,10636070,1247,TP1,1.0,20.0,auto,1.0,"0,1",0,,,728c2a7f6c48,Tool returned non-zero status,False,1007.0,0.322,6278933,1519814,1,-1,-1,-1,-1,-1,-1
repairllama,,,/home/carol/Documents/summaries/summaries_repairllama_3runs/tools/experiment-summary-bugsdotjar-repairllama-hadoop-31ebccc9-TP1-CP1-1-81bbb4a395.json,,hadoop,bugsdotjar,31ebccc9,1188,TP1,1.0,20.0,auto,1.0,"0,1",0,,,e9a4a3b32b8e,Success,True,35.0,0.086,4396,1970,1,-1,-1,-1,-1,-1,-1
repairllama,,,/home/carol/Documents/summaries/summaries_repairllama_3runs/tools/experiment-summary-bugsdotjar-repairllama-ambari-8782442d-TP1-CP1-0-0f6372578b.json,,ambari,bugsdotjar,8782442d,1258,TP1,1.0,20.0,auto,1.0,"0,1",0,,,8742ad80c46c,Tool returned non-zero status,False,1004.0,0.077,1296,126,1,-1,-1,-1,-1,-1,-1
repairllama,,,/home/carol/Documents/summaries/summaries_repairllama_3runs/tools/experiment-summary-bugsdotjar-repairllama-nifi-3492313d-TP1-CP1-0-33d68c19ff.json,,nifi,bugsdotjar,3492313d,1212,TP1,1.0,20.0,auto,1.0,"0,1",0,,,081b3dc263eb,Success,True,7.0,0.116,946,126,1,-1,-1,-1,-1,-1,-1
repairllama,,,/home/carol/Documents/summaries/summaries_repairllama_3runs/tools/experiment-summary-bugsdotjar-repairllama-solr-6d68694c-TP1-CP1-2-eb79d80619.json,,solr,bugsdotjar,6d68694c,1231,TP1,1.0,120.0,auto,1.0,"0,1",0,,,a673f2a19495,Success,True,3.0,0.005,736,126,1,-1,-1,-1,-1,-1,-1
repairllama,,,/home/carol/Documents/summaries/summaries_repairllama_3runs/tools/experiment-summary-bugsdotjar-repairllama-hadoop-905c58ed-TP1-CP1-1-f5ad1790ae.json,,hadoop,bugsdotjar,905c58ed,1194,TP1,1.0,20.0,auto,1.0,"0,1",0,,,e7e983339dcb,Tool returned non-zero status,False,1005.0,0.073,551181,26963,1,-1,-1,-1,-1,-1,-1
repairllama,,,/home/carol/Documents/summaries/summaries_repairllama_3runs/tools/experiment-summary-bugsdotjar-repairllama-jackrabbit-57c16ec4-TP1-CP1-2-474871f959.json,,jackrabbit,bugsdotjar,57c16ec4,1181,TP1,1.0,20.0,auto,1.0,"0,1",0,,,a48a812dfb02,Success,True,6.0,0.015,2785347,134313,1,-1,-1,-1,-1,-1,-1
repairllama,,,/home/carol/Documents/summaries/summaries_repairllama_3runs/tools/experiment-summary-bugsdotjar-repairllama-nifi-3492313d-TP1-CP1-1-88ecafd418.json,,nifi,bugsdotjar,3492313d,1212,TP1,1.0,20.0,auto,1.0,"0,1",0,,,7f3459c1c496,Success,True,7.0,0.07,876,126,1,-1,-1,-1,-1,-1,-1
repairllama,,,/home/carol/Documents/summaries/summaries_repairllama_3runs/tools/experiment-summary-bugsdotjar-repairllama-hadoop-79b12f6f-TP1-CP1-2-a32b109c3e.json,,hadoop,bugsdotjar,79b12f6f,1198,TP1,1.0,20.0,auto,1.0,"0,1",0,,,fb7f8647267e,Success,True,4.0,0.028,18830903,763358,1,-1,-1,-1,-1,-1,-1
repairllama,,,/home/carol/Documents/summaries/summaries_repairllama_3runs/tools/experiment-summary-bugsdotjar-repairllama-nifi-10332535-TP1-CP1-2-753e5921e9.json,,nifi,bugsdotjar,10332535,1211,TP1,1.0,20.0,auto,1.0,"0,1",0,,,5356e24d2b40,Success,True,4.0,0.005,736,126,1,-1,-1,-1,-1,-1,-1
repairllama,,,/home/carol/Documents/summaries/summaries_repairllama_3runs/tools/experiment-summary-bugsdotjar-repairllama-hadoop-ad10cbd9-TP1-CP1-2-3d5992d478.json,,hadoop,bugsdotjar,ad10cbd9,1186,TP1,1.0,20.0,auto,1.0,"0,1",0,,,89efaa89a12f,Tool returned non-zero status,False,1006.0,0.185,1007453,53005,1,-1,-1,-1,-1,-1,-1
repairllama,,,/home/carol/Documents/summaries/summaries_repairllama_3runs/tools/experiment-summary-bugsdotjar-repairllama-hadoop-49b4c0b3-TP1-CP1-0-207e87b8a7.json,,hadoop,bugsdotjar,49b4c0b3,1187,TP1,1.0,20.0,auto,1.0,"0,1",0,,,bc547e936411,Success,True,116.0,11.423,1086,126,1,-1,-1,-1,-1,-1,2
repairllama,,,/home/carol/Documents/summaries/summaries_repairllama_3runs/tools/experiment-summary-bugsdotjar-repairllama-hadoop-b1e05908-TP1-CP1-1-3b0f8a6869.json,,hadoop,bugsdotjar,b1e05908,1192,TP1,1.0,20.0,auto,1.0,"0,1",0,,,c3332bbded71,Success,True,3.0,0.026,18410952,537729,1,-1,-1,-1,-1,-1,-1
repairllama,,,/home/carol/Documents/summaries/summaries_repairllama_3runs/tools/experiment-summary-bugsdotjar-repairllama-flink-2fbe562d-TP1-CP1-0-4f6709d137.json,,flink,bugsdotjar,2fbe562d,1163,TP1,1.0,20.0,auto,1.0,"0,1",0,,,720856ebf6cc,Success,True,684.0,12.273,1226,126,1,-1,-1,-1,-1,-1,6
repairllama,,,/home/carol/Documents/summaries/summaries_repairllama_3runs/tools/experiment-summary-bugsdotjar-repairllama-karaf-6650922f-TP1-CP1-2-ab5a523a6b.json,,karaf,bugsdotjar,6650922f,1179,TP1,1.0,20.0,auto,1.0,"0,1",0,,,349aec29efc0,Tool returned non-zero status,False,9.0,0.012,876,126,1,-1,-1,-1,-1,-1,-1
repairllama,,,/home/carol/Documents/summaries/summaries_repairllama_3runs/tools/experiment-summary-bugsdotjar-repairllama-hadoop-a8e7f745-TP1-CP1-2-44f4f47fcd.json,,hadoop,bugsdotjar,a8e7f745,1202,TP1,1.0,20.0,auto,1.0,"0,1",0,,,0f96e4d615ae,Success,True,4.0,0.067,806,126,1,-1,-1,-1,-1,-1,-1
repairllama,,,/home/carol/Documents/summaries/summaries_repairllama_3runs/tools/experiment-summary-bugsdotjar-repairllama-kafka-d62a42df-TP1-CP1-1-7e6e7c14a0.json,,kafka,bugsdotjar,d62a42df,1245,TP1,1.0,300.0,auto,1.0,"0,1",0,,,e4fe8063a76a,Tool returned non-zero status,False,0.0,0.001,646,84,1,-1,-1,-1,-1,-1,-1
repairllama,,,/home/carol/Documents/summaries/summaries_repairllama_3runs/tools/experiment-summary-bugsdotjar-repairllama-flink-1836e08f-TP1-CP1-2-b78c7d08ca.json,,flink,bugsdotjar,1836e08f,1159,TP1,1.0,5.0,auto,1.0,"0,1",0,,,15246b65c9d0,Success,True,394.0,8.275,1156,126,1,-1,-1,-1,-1,-1,6
repairllama,,,/home/carol/Documents/summaries/summaries_repairllama_3runs/tools/experiment-summary-bugsdotjar-repairllama-ambari-69c83419-TP1-CP1-2-2e17381012.json,,ambari,bugsdotjar,69c83419,1255,TP1,1.0,20.0,auto,1.0,"0,1",0,,,576ee98a38c9,Tool returned non-zero status,False,7.0,0.203,6081384,1553372,1,-1,-1,-1,-1,-1,-1
repairllama,,,/home/carol/Documents/summaries/summaries_repairllama_3runs/tools/experiment-summary-bugsdotjar-repairllama-jackrabbit-57c16ec4-TP1-CP1-0-a017aca379.json,,jackrabbit,bugsdotjar,57c16ec4,1181,TP1,1.0,20.0,auto,1.0,"0,1",0,,,63009c77cba1,Success,True,6.0,0.015,2783850,133455,1,-1,-1,-1,-1,-1,-1
repairllama,,,/home/carol/Documents/summaries/summaries_repairllama_3runs/tools/experiment-summary-bugsdotjar-repairllama-solr-d01c4d6a-TP1-CP1-2-f9fbfb9aa1.json,,solr,bugsdotjar,d01c4d6a,1237,TP1,1.0,120.0,auto,1.0,"0,1",0,,,f40e1a8428c5,Success,True,4.0,0.005,736,126,1,-1,-1,-1,-1,-1,-1
repairllama,,,/home/carol/Documents/summaries/summaries_repairllama_3runs/tools/experiment-summary-bugsdotjar-repairllama-ambari-69c83419-TP1-CP1-1-c3e3f3f65e.json,,ambari,bugsdotjar,69c83419,1255,TP1,1.0,20.0,auto,1.0,"0,1",0,,,440e934b415c,Tool returned non-zero status,False,7.0,0.201,6076306,1549020,1,-1,-1,-1,-1,-1,-1
repairllama,,,/home/carol/Documents/summaries/summaries_repairllama_3runs/tools/experiment-summary-bugsdotjar-repairllama-solr-3a63c58d-TP1-CP1-1-d2f06ad509.json,,solr,bugsdotjar,3a63c58d,1229,TP1,1.0,120.0,auto,1.0,"0,1",0,,,3975ead524fa,Success,True,5.0,0.008,736,126,1,-1,-1,-1,-1,-1,-1
repairllama,,,/home/carol/Documents/summaries/summaries_repairllama_3runs/tools/experiment-summary-bugsdotjar-repairllama-solr-1ce4d6b3-TP1-CP1-2-66a69f4a98.json,,solr,bugsdotjar,1ce4d6b3,1228,TP1,1.0,600.0,auto,1.0,"0,1",0,,,c4804f6a3c1f,Success,True,3.0,0.005,736,126,1,-1,-1,-1,-1,-1,-1
repairllama,,,/home/carol/Documents/summaries/summaries_repairllama_3runs/tools/experiment-summary-bugsdotjar-repairllama-nifi-4417b9d6-TP1-CP1-1-f77f780823.json,,nifi,bugsdotjar,4417b9d6,1210,TP1,1.0,20.0,auto,1.0,"0,1",0,,,72e64514e004,Tool returned non-zero status,False,41.0,0.047,1508327,25642,1,-1,-1,-1,-1,-1,-1
repairllama,,,/home/carol/Documents/summaries/summaries_repairllama_3runs/tools/experiment-summary-bugsdotjar-repairllama-hadoop-2b19054c-TP1-CP1-2-9f3d68a69e.json,,hadoop,bugsdotjar,2b19054c,1197,TP1,1.0,20.0,auto,1.0,"0,1",0,,,06f0cb8a055b,Success,True,3.0,0.028,18839919,763010,1,-1,-1,-1,-1,-1,-1
repairllama,,,/home/carol/Documents/summaries/summaries_repairllama_3runs/tools/experiment-summary-bugsdotjar-repairllama-kafka-e7663a30-TP1-CP1-0-2331128dd4.json,,kafka,bugsdotjar,e7663a30,1246,TP1,1.0,300.0,auto,1.0,"0,1",0,,,e507d3ffc1f8,Tool returned non-zero status,False,0.0,0.001,486,84,1,-1,-1,-1,-1,-1,-1
repairllama,,,/home/carol/Documents/summaries/summaries_repairllama_3runs/tools/experiment-summary-bugsdotjar-repairllama-ambari-1eba77a9-TP1-CP1-0-6c19e7e6cd.json,,ambari,bugsdotjar,1eba77a9,1221,TP1,1.0,20.0,auto,1.0,"0,1",0,,,2c451a68b978,Tool returned non-zero status,False,6.0,0.207,6706138,1327399,1,-1,-1,-1,-1,-1,-1
repairllama,,,/home/carol/Documents/summaries/summaries_repairllama_3runs/tools/experiment-summary-bugsdotjar-repairllama-flink-2fbe562d-TP1-CP1-2-1c0cdcb5e8.json,,flink,bugsdotjar,2fbe562d,1163,TP1,1.0,20.0,auto,1.0,"0,1",0,,,7c5ccca0f0f9,Success,True,684.0,12.2,1226,126,1,-1,-1,-1,-1,-1,6
repairllama,,,/home/carol/Documents/summaries/summaries_repairllama_3runs/tools/experiment-summary-bugsdotjar-repairllama-ambari-dba3fee7-TP1-CP1-0-959973bf18.json,,ambari,bugsdotjar,dba3fee7,1266,TP1,1.0,20.0,auto,1.0,"0,1",0,,,634358eaac07,Tool returned non-zero status,False,1004.0,0.097,1296,126,1,-1,-1,-1,-1,-1,-1
repairllama,,,/home/carol/Documents/summaries/summaries_repairllama_3runs/tools/experiment-summary-bugsdotjar-repairllama-jackrabbit-57c16ec4-TP1-CP1-1-4f9f33f38b.json,,jackrabbit,bugsdotjar,57c16ec4,1181,TP1,1.0,20.0,auto,1.0,"0,1",0,,,98f521485cdd,Success,True,6.0,0.014,2781493,132201,1,-1,-1,-1,-1,-1,-1
repairllama,,,/home/carol/Documents/summaries/summaries_repairllama_3runs/tools/experiment-summary-bugsdotjar-repairllama-ambari-e3d5fd61-TP1-CP1-0-66d7e88ff8.json,,ambari,bugsdotjar,e3d5fd61,1267,TP1,1.0,20.0,auto,1.0,"0,1",0,,,90f44e3ff431,Tool returned non-zero status,False,1006.0,0.349,19206,4181,1,-1,-1,-1,-1,-1,-1
repairllama,,,/home/carol/Documents/summaries/summaries_repairllama_3runs/tools/experiment-summary-bugsdotjar-repairllama-kafka-e7663a30-TP1-CP1-2-5665d3f97c.json,,kafka,bugsdotjar,e7663a30,1246,TP1,1.0,300.0,auto,1.0,"0,1",0,,,33cf9c5b9cb4,Tool returned non-zero status,False,0.0,0.001,486,84,1,-1,-1,-1,-1,-1,-1
repairllama,,,/home/carol/Documents/summaries/summaries_repairllama_3runs/tools/experiment-summary-bugsdotjar-repairllama-solr-d01c4d6a-TP1-CP1-0-3ce8745783.json,,solr,bugsdotjar,d01c4d6a,1237,TP1,1.0,120.0,auto,1.0,"0,1",0,,,6d0d87e53a3f,Success,True,4.0,0.099,736,126,1,-1,-1,-1,-1,-1,-1
repairllama,,,/home/carol/Documents/summaries/summaries_repairllama_3runs/tools/experiment-summary-bugsdotjar-repairllama-nifi-4417b9d6-TP1-CP1-0-d97eb5062a.json,,nifi,bugsdotjar,4417b9d6,1210,TP1,1.0,20.0,auto,1.0,"0,1",0,,,cf3a84aaf2e6,Tool returned non-zero status,False,41.0,0.093,1507780,25774,1,-1,-1,-1,-1,-1,-1
repairllama,,,/home/carol/Documents/summaries/summaries_repairllama_3runs/tools/experiment-summary-bugsdotjar-repairllama-solr-0baf2fa3-TP1-CP1-0-f0be6cf12a.json,,solr,bugsdotjar,0baf2fa3,1227,TP1,1.0,120.0,auto,1.0,"0,1",0,,,8ad9877d9c56,Success,True,4.0,0.102,736,126,1,-1,-1,-1,-1,-1,-1
repairllama,,,/home/carol/Documents/summaries/summaries_repairllama_3runs/tools/experiment-summary-bugsdotjar-repairllama-hadoop-513ec3de-TP1-CP1-2-e02c3a4855.json,,hadoop,bugsdotjar,513ec3de,1191,TP1,1.0,20.0,auto,1.0,"0,1",0,,,51984345d97d,Success,True,3.0,0.009,1810254,58753,1,-1,-1,-1,-1,-1,-1
repairllama,,,/home/carol/Documents/summaries/summaries_repairllama_3runs/tools/experiment-summary-bugsdotjar-repairllama-solr-561fddd8-TP1-CP1-1-271c8df460.json,,solr,bugsdotjar,561fddd8,1230,TP1,1.0,120.0,auto,1.0,"0,1",0,,,459d31a8a22d,Success,True,4.0,0.005,736,126,1,-1,-1,-1,-1,-1,-1
repairllama,,,/home/carol/Documents/summaries/summaries_repairllama_3runs/tools/experiment-summary-bugsdotjar-repairllama-solr-561fddd8-TP1-CP1-2-9eccacddce.json,,solr,bugsdotjar,561fddd8,1230,TP1,1.0,120.0,auto,1.0,"0,1",0,,,621dcf0f7131,Success,True,4.0,0.005,736,126,1,-1,-1,-1,-1,-1,-1
repairllama,,,/home/carol/Documents/summaries/summaries_repairllama_3runs/tools/experiment-summary-bugsdotjar-repairllama-hadoop-ad10cbd9-TP1-CP1-1-9bd7368e51.json,,hadoop,bugsdotjar,ad10cbd9,1186,TP1,1.0,20.0,auto,1.0,"0,1",0,,,de707109d8a2,Tool returned non-zero status,False,1006.0,0.192,1009153,53075,1,-1,-1,-1,-1,-1,-1
repairllama,,,/home/carol/Documents/summaries/summaries_repairllama_3runs/tools/experiment-summary-bugsdotjar-repairllama-ambari-6fae1889-TP1-CP1-0-1e51ab8b9c.json,,ambari,bugsdotjar,6fae1889,1257,TP1,1.0,20.0,auto,1.0,"0,1",0,,,677d07d31ca9,Job Timeout,,3606.0,0.001,486,84,1,-1,-1,-1,-1,-1,-1
repairllama,,,/home/carol/Documents/summaries/summaries_repairllama_3runs/tools/experiment-summary-bugsdotjar-repairllama-flink-06437970-TP1-CP1-2-2b528d056a.json,,flink,bugsdotjar,06437970,1162,TP1,1.0,20.0,auto,1.0,"0,1",0,,,bd2672f7e11a,Tool returned non-zero status,False,7.0,0.136,946,126,1,-1,-1,-1,-1,-1,-1
repairllama,,,/home/carol/Documents/summaries/summaries_repairllama_3runs/tools/experiment-summary-bugsdotjar-repairllama-hadoop-31ebccc9-TP1-CP1-0-2f2d80f335.json,,hadoop,bugsdotjar,31ebccc9,1188,TP1,1.0,20.0,auto,1.0,"0,1",0,,,68d36c4c1b9a,Success,True,35.0,0.232,4382,1970,1,-1,-1,-1,-1,-1,-1
repairllama,,,/home/carol/Documents/summaries/summaries_repairllama_3runs/tools/experiment-summary-bugsdotjar-repairllama-hadoop-513ec3de-TP1-CP1-1-a681973dd0.json,,hadoop,bugsdotjar,513ec3de,1191,TP1,1.0,20.0,auto,1.0,"0,1",0,,,55dd4831702d,Success,True,3.0,0.009,1744057,36428,1,-1,-1,-1,-1,-1,-1
repairllama,,,/home/carol/Documents/summaries/summaries_repairllama_3runs/tools/experiment-summary-bugsdotjar-repairllama-hadoop-2b19054c-TP1-CP1-0-dc9227a3e1.json,,hadoop,bugsdotjar,2b19054c,1197,TP1,1.0,20.0,auto,1.0,"0,1",0,,,36f31800f0ee,Success,True,3.0,0.054,18847850,763636,1,-1,-1,-1,-1,-1,-1
repairllama,,,/home/carol/Documents/summaries/summaries_repairllama_3runs/tools/experiment-summary-bugsdotjar-repairllama-jackrabbit-86824f03-TP1-CP1-2-96f873ea55.json,,jackrabbit,bugsdotjar,86824f03,1183,TP1,1.0,20.0,auto,1.0,"0,1",0,,,626f5e081cf7,Tool returned non-zero status,False,690.0,0.238,1226,126,1,-1,-1,-1,-1,-1,-1
repairllama,,,/home/carol/Documents/summaries/summaries_repairllama_3runs/tools/experiment-summary-bugsdotjar-repairllama-kafka-98ea773a-TP1-CP1-2-f7ef662032.json,,kafka,bugsdotjar,98ea773a,1242,TP1,1.0,300.0,auto,1.0,"0,1",0,,,5c39b976f896,Tool returned non-zero status,False,0.0,0.001,486,84,1,-1,-1,-1,-1,-1,-1
repairllama,,,/home/carol/Documents/summaries/summaries_repairllama_3runs/tools/experiment-summary-bugsdotjar-repairllama-flink-42d8dde0-TP1-CP1-1-f2a1dddde0.json,,flink,bugsdotjar,42d8dde0,1169,TP1,1.0,20.0,auto,1.0,"0,1",0,,,cf1faf7a6934,Success,True,659.0,9.604,1226,126,1,-1,-1,-1,-1,-1,6
repairllama,,,/home/carol/Documents/summaries/summaries_repairllama_3runs/tools/experiment-summary-bugsdotjar-repairllama-hbase-21cb00ee-TP1-CP1-1-01ba0b7a67.json,,hbase,bugsdotjar,21cb00ee,1176,TP1,1.0,20.0,auto,1.0,"0,1",0,,,af25120c7864,Tool returned non-zero status,False,7.0,0.227,946,126,1,-1,-1,-1,-1,-1,-1
repairllama,,,/home/carol/Documents/summaries/summaries_repairllama_3runs/tools/experiment-summary-bugsdotjar-repairllama-flink-06437970-TP1-CP1-1-612e828f27.json,,flink,bugsdotjar,06437970,1162,TP1,1.0,20.0,auto,1.0,"0,1",0,,,a67d89db98e3,Tool returned non-zero status,False,7.0,0.134,946,126,1,-1,-1,-1,-1,-1,-1
repairllama,,,/home/carol/Documents/summaries/summaries_repairllama_3runs/tools/experiment-summary-bugsdotjar-repairllama-flink-42d8dde0-TP1-CP1-2-b222cced3e.json,,flink,bugsdotjar,42d8dde0,1169,TP1,1.0,20.0,auto,1.0,"0,1",0,,,c2f8f95f2da5,Success,True,659.0,9.816,1226,126,1,-1,-1,-1,-1,-1,6
repairllama,,,/home/carol/Documents/summaries/summaries_repairllama_3runs/tools/experiment-summary-bugsdotjar-repairllama-hadoop-890a2ebd-TP1-CP1-1-b23f40675f.json,,hadoop,bugsdotjar,890a2ebd,1190,TP1,1.0,20.0,auto,1.0,"0,1",0,,,a7624dd5e950,Success,True,3.0,0.008,878736,27317,1,-1,-1,-1,-1,-1,-1
repairllama,,,/home/carol/Documents/summaries/summaries_repairllama_3runs/tools/experiment-summary-bugsdotjar-repairllama-solr-6d68694c-TP1-CP1-1-337fd8769d.json,,solr,bugsdotjar,6d68694c,1231,TP1,1.0,120.0,auto,1.0,"0,1",0,,,d6c1d2fa6160,Success,True,3.0,0.005,736,126,1,-1,-1,-1,-1,-1,-1
repairllama,,,/home/carol/Documents/summaries/summaries_repairllama_3runs/tools/experiment-summary-bugsdotjar-repairllama-ambari-4b97eb77-TP1-CP1-1-05e5ea83a8.json,,ambari,bugsdotjar,4b97eb77,1250,TP1,1.0,20.0,auto,1.0,"0,1",0,,,915f3a82673a,Tool returned non-zero status,False,1006.0,0.323,2984,1259,1,-1,-1,-1,-1,-1,-1
repairllama,,,/home/carol/Documents/summaries/summaries_repairllama_3runs/tools/experiment-summary-bugsdotjar-repairllama-kafka-d62a42df-TP1-CP1-0-58c9ff18a5.json,,kafka,bugsdotjar,d62a42df,1245,TP1,1.0,300.0,auto,1.0,"0,1",0,,,b80d8b7fe613,Tool returned non-zero status,False,0.0,0.001,646,84,1,-1,-1,-1,-1,-1,-1
repairllama,,,/home/carol/Documents/summaries/summaries_repairllama_3runs/tools/experiment-summary-bugsdotjar-repairllama-flink-91a0c8c5-TP1-CP1-1-c485d4dc9a.json,,flink,bugsdotjar,91a0c8c5,1166,TP1,1.0,20.0,auto,1.0,"0,1",0,,,c80efa44337e,Tool returned non-zero status,False,7.0,0.23,482397,15887,1,-1,-1,-1,-1,-1,-1
repairllama,,,/home/carol/Documents/summaries/summaries_repairllama_3runs/tools/experiment-summary-bugsdotjar-repairllama-nifi-10332535-TP1-CP1-0-226708d6f7.json,,nifi,bugsdotjar,10332535,1211,TP1,1.0,20.0,auto,1.0,"0,1",0,,,8c9f6dcce40a,Success,True,4.0,0.047,736,126,1,-1,-1,-1,-1,-1,-1
repairllama,,,/home/carol/Documents/summaries/summaries_repairllama_3runs/tools/experiment-summary-bugsdotjar-repairllama-hadoop-770cc144-TP1-CP1-2-3fc314b174.json,,hadoop,bugsdotjar,770cc144,1193,TP1,1.0,20.0,auto,1.0,"0,1",0,,,dd6f79f7bf6c,Tool returned non-zero status,False,1005.0,0.171,585907,44626,1,-1,-1,-1,-1,-1,-1
repairllama,,,/home/carol/Documents/summaries/summaries_repairllama_3runs/tools/experiment-summary-bugsdotjar-repairllama-hadoop-513ec3de-TP1-CP1-0-bc6e66790a.json,,hadoop,bugsdotjar,513ec3de,1191,TP1,1.0,20.0,auto,1.0,"0,1",0,,,8cbc94f9532e,Success,True,3.0,0.009,1745526,34172,1,-1,-1,-1,-1,-1,-1
repairllama,,,/home/carol/Documents/summaries/summaries_repairllama_3runs/tools/experiment-summary-bugsdotjar-repairllama-flink-31837a75-TP1-CP1-1-6b4c256098.json,,flink,bugsdotjar,31837a75,1160,TP1,1.0,5.0,auto,1.0,"0,1",0,,,20e55ac95c2c,Success,True,436.0,11.17,1156,126,1,-1,-1,-1,-1,-1,6
repairllama,,,/home/carol/Documents/summaries/summaries_repairllama_3runs/tools/experiment-summary-bugsdotjar-repairllama-flink-2558c9ee-TP1-CP1-0-a69ff62c98.json,,flink,bugsdotjar,2558c9ee,1165,TP1,1.0,20.0,auto,1.0,"0,1",0,,,b0c3998e2dfe,Success,True,588.0,10.211,3188,1272,1,-1,-1,-1,-1,-1,6
repairllama,,,/home/carol/Documents/summaries/summaries_repairllama_3runs/tools/experiment-summary-bugsdotjar-repairllama-solr-79351129-TP1-CP1-0-765cd34688.json,,solr,bugsdotjar,79351129,1232,TP1,1.0,120.0,auto,1.0,"0,1",0,,,354344912a12,Success,True,3.0,0.036,736,126,1,-1,-1,-1,-1,-1,-1
repairllama,,,/home/carol/Documents/summaries/summaries_repairllama_3runs/tools/experiment-summary-bugsdotjar-repairllama-ambari-6fae1889-TP1-CP1-1-7e078f4b6b.json,,ambari,bugsdotjar,6fae1889,1257,TP1,1.0,20.0,auto,1.0,"0,1",0,,,4d0326a6e360,Job Timeout,,3606.0,0.001,646,84,1,-1,-1,-1,-1,-1,-1
repairllama,,,/home/carol/Documents/summaries/summaries_repairllama_3runs/tools/experiment-summary-bugsdotjar-repairllama-ambari-e3d5fd61-TP1-CP1-1-05d03f4ed4.json,,ambari,bugsdotjar,e3d5fd61,1267,TP1,1.0,20.0,auto,1.0,"0,1",0,,,e53db7e61e3f,Tool returned non-zero status,False,1006.0,0.322,19148,4115,1,-1,-1,-1,-1,-1,-1
repairllama,,,/home/carol/Documents/summaries/summaries_repairllama_3runs/tools/experiment-summary-bugsdotjar-repairllama-solr-0baf2fa3-TP1-CP1-1-1739cc2a10.json,,solr,bugsdotjar,0baf2fa3,1227,TP1,1.0,120.0,auto,1.0,"0,1",0,,,7d0a22b89125,Success,True,4.0,0.005,736,126,1,-1,-1,-1,-1,-1,-1
repairllama,,,/home/carol/Documents/summaries/summaries_repairllama_3runs/tools/experiment-summary-bugsdotjar-repairllama-kafka-e7663a30-TP1-CP1-1-a93d48a753.json,,kafka,bugsdotjar,e7663a30,1246,TP1,1.0,300.0,auto,1.0,"0,1",0,,,88b188b5735c,Tool returned non-zero status,False,0.0,0.001,486,84,1,-1,-1,-1,-1,-1,-1
repairllama,,,/home/carol/Documents/summaries/summaries_repairllama_3runs/tools/experiment-summary-bugsdotjar-repairllama-ambari-27a22897-TP1-CP1-1-0b1ac88c59.json,,ambari,bugsdotjar,27a22897,1249,TP1,1.0,20.0,auto,1.0,"0,1",0,,,84172c937060,Tool returned non-zero status,False,1006.0,0.314,6584827,1522656,1,-1,-1,-1,-1,-1,-1
repairllama,,,/home/carol/Documents/summaries/summaries_repairllama_3runs/tools/experiment-summary-bugsdotjar-repairllama-hadoop-2b19054c-TP1-CP1-1-f4ff585127.json,,hadoop,bugsdotjar,2b19054c,1197,TP1,1.0,20.0,auto,1.0,"0,1",0,,,e1febbdee58d,Success,True,3.0,0.027,18827102,761821,1,-1,-1,-1,-1,-1,-1
repairllama,,,/home/carol/Documents/summaries/summaries_repairllama_3runs/tools/experiment-summary-bugsdotjar-repairllama-flink-6b892a63-TP1-CP1-2-eeeec702a9.json,,flink,bugsdotjar,6b892a63,1161,TP1,1.0,15.0,auto,1.0,"0,1",0,,,9d128272d13e,Success,True,363.0,11.968,1156,126,1,-1,-1,-1,-1,-1,6
repairllama,,,/home/carol/Documents/summaries/summaries_repairllama_3runs/tools/experiment-summary-bugsdotjar-repairllama-hbase-190c253c-TP1-CP1-2-e02d73e5c0.json,,hbase,bugsdotjar,190c253c,1174,TP1,1.0,20.0,auto,1.0,"0,1",0,,,ba01f433520c,Success,True,705.0,12.847,5241947,42620,1,-1,-1,-1,-1,-1,6
repairllama,,,/home/carol/Documents/summaries/summaries_repairllama_3runs/tools/experiment-summary-bugsdotjar-repairllama-ambari-f4e0f6ca-TP1-CP1-0-6163f67643.json,,ambari,bugsdotjar,f4e0f6ca,1268,TP1,1.0,20.0,auto,1.0,"0,1",0,,,fb697cee1d8f,Tool returned non-zero status,False,1004.0,0.166,1226,126,1,-1,-1,-1,-1,-1,-1
repairllama,,,/home/carol/Documents/summaries/summaries_repairllama_3runs/tools/experiment-summary-bugsdotjar-repairllama-ambari-58dabba1-TP1-CP1-2-6bd0b8cd5d.json,,ambari,bugsdotjar,58dabba1,1251,TP1,1.0,20.0,auto,1.0,"0,1",0,,,265498b80d42,Tool returned non-zero status,False,1003.0,0.062,1226,126,1,-1,-1,-1,-1,-1,-1
repairllama,,,/home/carol/Documents/summaries/summaries_repairllama_3runs/tools/experiment-summary-bugsdotjar-repairllama-solr-3a63c58d-TP1-CP1-0-d8ce2cf45c.json,,solr,bugsdotjar,3a63c58d,1229,TP1,1.0,120.0,auto,1.0,"0,1",0,,,f31ac88d15eb,Success,True,5.0,0.169,736,126,1,-1,-1,-1,-1,-1,-1
repairllama,,,/home/carol/Documents/summaries/summaries_repairllama_3runs/tools/experiment-summary-bugsdotjar-repairllama-nifi-570fc7f1-TP1-CP1-1-db8bc087c7.json,,nifi,bugsdotjar,570fc7f1,1208,TP1,1.0,20.0,auto,1.0,"0,1",0,,,10ac8b85b9fc,Success,True,4.0,0.053,3122370,42732,1,-1,-1,-1,-1,-1,-1
repairllama,,,/home/carol/Documents/summaries/summaries_repairllama_3runs/tools/experiment-summary-bugsdotjar-repairllama-hadoop-49b4c0b3-TP1-CP1-2-f27f5394bd.json,,hadoop,bugsdotjar,49b4c0b3,1187,TP1,1.0,20.0,auto,1.0,"0,1",0,,,26cd4b07c66c,Success,True,116.0,9.92,1016,126,1,-1,-1,-1,-1,-1,2
repairllama,,,/home/carol/Documents/summaries/summaries_repairllama_3runs/tools/experiment-summary-bugsdotjar-repairllama-solr-a027a355-TP1-CP1-0-3bea5ade96.json,,solr,bugsdotjar,a027a355,1235,TP1,1.0,120.0,auto,1.0,"0,1",0,,,3ff1e5439fdf,Success,True,3.0,0.035,736,126,1,-1,-1,-1,-1,-1,-1
repairllama,,,/home/carol/Documents/summaries/summaries_repairllama_3runs/tools/experiment-summary-bugsdotjar-repairllama-solr-a027a355-TP1-CP1-1-15d78c1cf3.json,,solr,bugsdotjar,a027a355,1235,TP1,1.0,120.0,auto,1.0,"0,1",0,,,b11ece88eeea,Success,True,3.0,0.005,736,126,1,-1,-1,-1,-1,-1,-1
repairllama,,,/home/carol/Documents/summaries/summaries_repairllama_3runs/tools/experiment-summary-bugsdotjar-repairllama-solr-79351129-TP1-CP1-1-a72e9ff15c.json,,solr,bugsdotjar,79351129,1232,TP1,1.0,120.0,auto,1.0,"0,1",0,,,4e84eb31328b,Success,True,3.0,0.005,736,126,1,-1,-1,-1,-1,-1,-1
repairllama,,,/home/carol/Documents/summaries/summaries_repairllama_3runs/tools/experiment-summary-bugsdotjar-repairllama-flink-31837a75-TP1-CP1-2-e6171bb1d8.json,,flink,bugsdotjar,31837a75,1160,TP1,1.0,5.0,auto,1.0,"0,1",0,,,7a4dd05f6c37,Success,True,436.0,12.983,1156,126,1,-1,-1,-1,-1,-1,6
repairllama,,,/home/carol/Documents/summaries/summaries_repairllama_3runs/tools/experiment-summary-bugsdotjar-repairllama-solr-79351129-TP1-CP1-2-6fbaa02a80.json,,solr,bugsdotjar,79351129,1232,TP1,1.0,120.0,auto,1.0,"0,1",0,,,3dea9acf9ebb,Success,True,3.0,0.005,736,126,1,-1,-1,-1,-1,-1,-1
repairllama,,,/home/carol/Documents/summaries/summaries_repairllama_3runs/tools/experiment-summary-bugsdotjar-repairllama-hbase-21cb00ee-TP1-CP1-0-07c987f2af.json,,hbase,bugsdotjar,21cb00ee,1176,TP1,1.0,20.0,auto,1.0,"0,1",0,,,d510ca2221b7,Tool returned non-zero status,False,7.0,0.359,946,126,1,-1,-1,-1,-1,-1,-1
repairllama,,,/home/carol/Documents/summaries/summaries_repairllama_3runs/tools/experiment-summary-bugsdotjar-repairllama-hadoop-79b12f6f-TP1-CP1-1-0c2a5bd999.json,,hadoop,bugsdotjar,79b12f6f,1198,TP1,1.0,20.0,auto,1.0,"0,1",0,,,dff1a42639ec,Success,True,4.0,0.049,18793433,758227,1,-1,-1,-1,-1,-1,-1
repairllama,,,/home/carol/Documents/summaries/summaries_repairllama_3runs/tools/experiment-summary-bugsdotjar-repairllama-hadoop-d720ebc2-TP1-CP1-1-803ed69440.json,,hadoop,bugsdotjar,d720ebc2,1199,TP1,1.0,20.0,auto,1.0,"0,1",0,,,b92d77cb4a6e,Success,True,4.0,0.006,180498,8851,1,-1,-1,-1,-1,-1,-1
repairllama,,,/home/carol/Documents/summaries/summaries_repairllama_3runs/tools/experiment-summary-bugsdotjar-repairllama-ambari-630299fb-TP1-CP1-0-fcf97a0051.json,,ambari,bugsdotjar,630299fb,1252,TP1,1.0,20.0,auto,1.0,"0,1",0,,,b9cafc423bb2,Tool returned non-zero status,False,1006.0,0.363,6516489,1514940,1,-1,-1,-1,-1,-1,-1
repairllama,,,/home/carol/Documents/summaries/summaries_repairllama_3runs/tools/experiment-summary-bugsdotjar-repairllama-flink-9c3be7e6-TP1-CP1-2-9666939972.json,,flink,bugsdotjar,9c3be7e6,1172,TP1,1.0,20.0,auto,1.0,"0,1",0,,,1c9537f53e3f,Tool returned non-zero status,False,45.0,0.211,3462662,41360,1,-1,-1,-1,-1,-1,-1
repairllama,,,/home/carol/Documents/summaries/summaries_repairllama_3runs/tools/experiment-summary-bugsdotjar-repairllama-hadoop-a4e0ff5e-TP1-CP1-2-fc032816ac.json,,hadoop,bugsdotjar,a4e0ff5e,1195,TP1,1.0,20.0,auto,1.0,"0,1",0,,,bd6553a04cfd,Tool returned non-zero status,False,6.0,0.054,924477,23256,1,-1,-1,-1,-1,-1,-1
repairllama,,,/home/carol/Documents/summaries/summaries_repairllama_3runs/tools/experiment-summary-bugsdotjar-repairllama-flink-e3759a5e-TP1-CP1-1-1d01735afc.json,,flink,bugsdotjar,e3759a5e,1173,TP1,1.0,5.0,auto,1.0,"0,1",0,,,600fc060ed88,Success,True,414.0,13.008,1156,126,1,-1,-1,-1,-1,-1,6
repairllama,,,/home/carol/Documents/summaries/summaries_repairllama_3runs/tools/experiment-summary-bugsdotjar-repairllama-hbase-21cb00ee-TP1-CP1-2-fa7e701158.json,,hbase,bugsdotjar,21cb00ee,1176,TP1,1.0,20.0,auto,1.0,"0,1",0,,,10a213a1b33c,Tool returned non-zero status,False,7.0,0.196,946,126,1,-1,-1,-1,-1,-1,-1
repairllama,,,/home/carol/Documents/summaries/summaries_repairllama_3runs/tools/experiment-summary-bugsdotjar-repairllama-flink-91a0c8c5-TP1-CP1-2-9ee706c587.json,,flink,bugsdotjar,91a0c8c5,1166,TP1,1.0,20.0,auto,1.0,"0,1",0,,,a0e112b7cf51,Tool returned non-zero status,False,7.0,0.23,484294,16013,1,-1,-1,-1,-1,-1,-1
repairllama,,,/home/carol/Documents/summaries/summaries_repairllama_3runs/tools/experiment-summary-bugsdotjar-repairllama-flink-e3759a5e-TP1-CP1-0-8a6d18a539.json,,flink,bugsdotjar,e3759a5e,1173,TP1,1.0,5.0,auto,1.0,"0,1",0,,,ae4b1235e749,Success,True,414.0,13.207,1156,126,1,-1,-1,-1,-1,-1,6
repairllama,,,/home/carol/Documents/summaries/summaries_repairllama_3runs/tools/experiment-summary-bugsdotjar-repairllama-ambari-630299fb-TP1-CP1-2-2d56e3f74b.json,,ambari,bugsdotjar,630299fb,1252,TP1,1.0,20.0,auto,1.0,"0,1",0,,,ba2c67b429fa,Tool returned non-zero status,False,1006.0,0.353,6554602,1512082,1,-1,-1,-1,-1,-1,-1
repairllama,,,/home/carol/Documents/summaries/summaries_repairllama_3runs/tools/experiment-summary-bugsdotjar-repairllama-hadoop-a8e7f745-TP1-CP1-1-1c773e0ccb.json,,hadoop,bugsdotjar,a8e7f745,1202,TP1,1.0,20.0,auto,1.0,"0,1",0,,,694b66181776,Success,True,4.0,0.07,806,126,1,-1,-1,-1,-1,-1,-1
repairllama,,,/home/carol/Documents/summaries/summaries_repairllama_3runs/tools/experiment-summary-bugsdotjar-repairllama-solr-d01c4d6a-TP1-CP1-1-df5d4a01ae.json,,solr,bugsdotjar,d01c4d6a,1237,TP1,1.0,120.0,auto,1.0,"0,1",0,,,307c8c371296,Success,True,4.0,0.007,736,126,1,-1,-1,-1,-1,-1,-1
repairllama,,,/home/carol/Documents/summaries/summaries_repairllama_3runs/tools/experiment-summary-bugsdotjar-repairllama-hadoop-b1e05908-TP1-CP1-0-28ec005c59.json,,hadoop,bugsdotjar,b1e05908,1192,TP1,1.0,20.0,auto,1.0,"0,1",0,,,aeb057a11205,Success,True,3.0,0.056,18406438,538306,1,-1,-1,-1,-1,-1,-1
repairllama,,,/home/carol/Documents/summaries/summaries_repairllama_3runs/tools/experiment-summary-bugsdotjar-repairllama-kafka-be846d83-TP1-CP1-0-0a8e311fee.json,,kafka,bugsdotjar,be846d83,1243,TP1,1.0,300.0,auto,1.0,"0,1",0,,,ae4a756e477e,Tool returned non-zero status,False,0.0,0.001,486,84,1,-1,-1,-1,-1,-1,-1
repairllama,,,/home/carol/Documents/summaries/summaries_repairllama_3runs/tools/experiment-summary-bugsdotjar-repairllama-hbase-9c1f2dd0-TP1-CP1-0-77c1f569f2.json,,hbase,bugsdotjar,9c1f2dd0,1175,TP1,1.0,20.0,auto,1.0,"0,1",0,,,41ff12738388,Tool returned non-zero status,False,7.0,0.349,946,126,1,-1,-1,-1,-1,-1,-1
repairllama,,,/home/carol/Documents/summaries/summaries_repairllama_3runs/tools/experiment-summary-bugsdotjar-repairllama-jackrabbit-86824f03-TP1-CP1-0-32ed648f54.json,,jackrabbit,bugsdotjar,86824f03,1183,TP1,1.0,20.0,auto,1.0,"0,1",0,,,042407d20666,Tool returned non-zero status,False,690.0,0.302,1226,126,1,-1,-1,-1,-1,-1,-1
repairllama,,,/home/carol/Documents/summaries/summaries_repairllama_3runs/tools/experiment-summary-bugsdotjar-repairllama-ambari-58dabba1-TP1-CP1-1-50a2d413df.json,,ambari,bugsdotjar,58dabba1,1251,TP1,1.0,20.0,auto,1.0,"0,1",0,,,9946e8b99b81,Tool returned non-zero status,False,1003.0,0.07,1226,126,1,-1,-1,-1,-1,-1,-1
repairllama,,,/home/carol/Documents/summaries/summaries_repairllama_3runs/tools/experiment-summary-bugsdotjar-repairllama-ambari-27a22897-TP1-CP1-2-848528ed08.json,,ambari,bugsdotjar,27a22897,1249,TP1,1.0,20.0,auto,1.0,"0,1",0,,,05d914e41753,Tool returned non-zero status,False,1006.0,0.304,6595627,1523641,1,-1,-1,-1,-1,-1,-1
repairllama,,,/home/carol/Documents/summaries/summaries_repairllama_3runs/tools/experiment-summary-bugsdotjar-repairllama-hbase-9c1f2dd0-TP1-CP1-1-dcc61f4fa0.json,,hbase,bugsdotjar,9c1f2dd0,1175,TP1,1.0,20.0,auto,1.0,"0,1",0,,,7576f2e14a7f,Tool returned non-zero status,False,7.0,0.191,946,126,1,-1,-1,-1,-1,-1,-1
repairllama,,,/home/carol/Documents/summaries/summaries_repairllama_3runs/tools/experiment-summary-bugsdotjar-repairllama-ambari-f4e0f6ca-TP1-CP1-2-e71eebeab2.json,,ambari,bugsdotjar,f4e0f6ca,1268,TP1,1.0,20.0,auto,1.0,"0,1",0,,,6161fbb7d29c,Tool returned non-zero status,False,1004.0,0.137,1296,126,1,-1,-1,-1,-1,-1,-1
repairllama,,,/home/carol/Documents/summaries/summaries_repairllama_3runs/tools/experiment-summary-bugsdotjar-repairllama-hadoop-31ebccc9-TP1-CP1-2-472a7831cd.json,,hadoop,bugsdotjar,31ebccc9,1188,TP1,1.0,20.0,auto,1.0,"0,1",0,,,b9e7534004b5,Success,True,35.0,0.079,4382,1970,1,-1,-1,-1,-1,-1,-1
repairllama,,,/home/carol/Documents/summaries/summaries_repairllama_3runs/tools/experiment-summary-bugsdotjar-repairllama-hadoop-905c58ed-TP1-CP1-2-538c8fd7c0.json,,hadoop,bugsdotjar,905c58ed,1194,TP1,1.0,20.0,auto,1.0,"0,1",0,,,69d9f558f967,Tool returned non-zero status,False,1005.0,0.074,551794,26501,1,-1,-1,-1,-1,-1,-1
repairllama,,,/home/carol/Documents/summaries/summaries_repairllama_3runs/tools/experiment-summary-bugsdotjar-repairllama-hadoop-d720ebc2-TP1-CP1-2-159febdc6e.json,,hadoop,bugsdotjar,d720ebc2,1199,TP1,1.0,20.0,auto,1.0,"0,1",0,,,0c1d645c7e3b,Success,True,4.0,0.006,180114,9445,1,-1,-1,-1,-1,-1,-1
repairllama,,,/home/carol/Documents/summaries/summaries_repairllama_3runs/tools/experiment-summary-bugsdotjar-repairllama-kafka-d62a42df-TP1-CP1-2-4580448ac8.json,,kafka,bugsdotjar,d62a42df,1245,TP1,1.0,300.0,auto,1.0,"0,1",0,,,8bf0781513c2,Tool returned non-zero status,False,0.0,0.001,486,84,1,-1,-1,-1,-1,-1,-1
repairllama,,,/home/carol/Documents/summaries/summaries_repairllama_3runs/tools/experiment-summary-bugsdotjar-repairllama-flink-9c3be7e6-TP1-CP1-0-f346f9c9b1.json,,flink,bugsdotjar,9c3be7e6,1172,TP1,1.0,20.0,auto,1.0,"0,1",0,,,304864a019a3,Tool returned non-zero status,False,45.0,0.365,3457297,38246,1,-1,-1,-1,-1,-1,-1
repairllama,,,/home/carol/Documents/summaries/summaries_repairllama_3runs/tools/experiment-summary-bugsdotjar-repairllama-hadoop-79b12f6f-TP1-CP1-0-cb8b0432a7.json,,hadoop,bugsdotjar,79b12f6f,1198,TP1,1.0,20.0,auto,1.0,"0,1",0,,,ce3e43d5f661,Success,True,4.0,0.051,18790380,758674,1,-1,-1,-1,-1,-1,-1
repairllama,,,/home/carol/Documents/summaries/summaries_repairllama_3runs/tools/experiment-summary-bugsdotjar-repairllama-calcite-618e601b-TP1-CP1-2-233a30ce9a.json,,calcite,bugsdotjar,618e601b,1238,TP1,1.0,300.0,auto,1.0,"0,1",0,,,0f44d6c0c493,Tool returned non-zero status,False,0.0,0.001,486,84,1,-1,-1,-1,-1,-1,-1
repairllama,,,/home/carol/Documents/summaries/summaries_repairllama_3runs/tools/experiment-summary-bugsdotjar-repairllama-calcite-d4d7ab99-TP1-CP1-2-7413850ca4.json,,calcite,bugsdotjar,d4d7ab99,1240,TP1,1.0,20.0,auto,1.0,"0,1",0,,,9f41ac457531,Success,True,373.0,11.947,80245,4347,1,-1,-1,-1,-1,-1,6
repairllama,,,/home/carol/Documents/summaries/summaries_repairllama_3runs/tools/experiment-summary-bugsdotjar-repairllama-hadoop-d720ebc2-TP1-CP1-0-b0d0e90007.json,,hadoop,bugsdotjar,d720ebc2,1199,TP1,1.0,20.0,auto,1.0,"0,1",0,,,4861225f086f,Success,True,4.0,0.036,178715,8629,1,-1,-1,-1,-1,-1,-1
repairllama,,,/home/carol/Documents/summaries/summaries_repairllama_3runs/tools/experiment-summary-bugsdotjar-repairllama-ambari-10636070-TP1-CP1-1-0f12edfaca.json,,ambari,bugsdotjar,10636070,1247,TP1,1.0,20.0,auto,1.0,"0,1",0,,,6fec2292db2c,Tool returned non-zero status,False,1007.0,0.321,6346292,1511917,1,-1,-1,-1,-1,-1,-1
repairllama,,,/home/carol/Documents/summaries/summaries_repairllama_3runs/tools/experiment-summary-bugsdotjar-repairllama-ambari-a5807823-TP1-CP1-0-e0cdeb16a2.json,,ambari,bugsdotjar,a5807823,1260,TP1,1.0,20.0,auto,1.0,"0,1",0,,,4199896179d1,Tool returned non-zero status,False,6.0,0.197,7395645,1521638,1,-1,-1,-1,-1,-1,-1
repairllama,,,/home/carol/Documents/summaries/summaries_repairllama_3runs/tools/experiment-summary-bugsdotjar-repairllama-nifi-570fc7f1-TP1-CP1-2-67dbc03751.json,,nifi,bugsdotjar,570fc7f1,1208,TP1,1.0,20.0,auto,1.0,"0,1",0,,,57b26e4dcf76,Success,True,4.0,0.045,3125567,41358,1,-1,-1,-1,-1,-1,-1
repairllama,,,/home/carol/Documents/summaries/summaries_repairllama_3runs/tools/experiment-summary-bugsdotjar-repairllama-ambari-630299fb-TP1-CP1-1-91446c0bb0.json,,ambari,bugsdotjar,630299fb,1252,TP1,1.0,20.0,auto,1.0,"0,1",0,,,cfa39ef3cbed,Tool returned non-zero status,False,1006.0,0.319,6417766,1512266,1,-1,-1,-1,-1,-1,-1
repairllama,,,/home/carol/Documents/summaries/summaries_repairllama_3runs/tools/experiment-summary-bugsdotjar-repairllama-ambari-dba3fee7-TP1-CP1-1-c90e485b8a.json,,ambari,bugsdotjar,dba3fee7,1266,TP1,1.0,20.0,auto,1.0,"0,1",0,,,ea8139a3586d,Tool returned non-zero status,False,1004.0,0.069,1226,126,1,-1,-1,-1,-1,-1,-1
repairllama,,,/home/carol/Documents/summaries/summaries_repairllama_3runs/tools/experiment-summary-bugsdotjar-repairllama-hbase-190c253c-TP1-CP1-1-b4e18cf269.json,,hbase,bugsdotjar,190c253c,1174,TP1,1.0,20.0,auto,1.0,"0,1",0,,,965c2158b745,Success,True,705.0,12.892,5243871,44444,1,-1,-1,-1,-1,-1,6
repairllama,,,/home/carol/Documents/summaries/summaries_repairllama_3runs/tools/experiment-summary-bugsdotjar-repairllama-karaf-6650922f-TP1-CP1-1-7094c50f5d.json,,karaf,bugsdotjar,6650922f,1179,TP1,1.0,20.0,auto,1.0,"0,1",0,,,901a26edb626,Tool returned non-zero status,False,9.0,0.012,876,126,1,-1,-1,-1,-1,-1,-1
repairllama,,,/home/carol/Documents/summaries/summaries_repairllama_3runs/tools/experiment-summary-bugsdotjar-repairllama-solr-93ebd8d5-TP1-CP1-1-b3f64b05b4.json,,solr,bugsdotjar,93ebd8d5,1233,TP1,1.0,120.0,auto,1.0,"0,1",0,,,91babf34d872,Success,True,4.0,0.005,736,126,1,-1,-1,-1,-1,-1,-1
repairllama,,,/home/carol/Documents/summaries/summaries_repairllama_3runs/tools/experiment-summary-bugsdotjar-repairllama-solr-1ce4d6b3-TP1-CP1-1-29c53bf019.json,,solr,bugsdotjar,1ce4d6b3,1228,TP1,1.0,600.0,auto,1.0,"0,1",0,,,4a2bd6d7dcc3,Success,True,3.0,0.005,736,126,1,-1,-1,-1,-1,-1,-1
repairllama,,,/home/carol/Documents/summaries/summaries_repairllama_3runs/tools/experiment-summary-bugsdotjar-repairllama-solr-0baf2fa3-TP1-CP1-2-d4d30c941c.json,,solr,bugsdotjar,0baf2fa3,1227,TP1,1.0,120.0,auto,1.0,"0,1",0,,,1ed6c7d0fde9,Success,True,4.0,0.005,736,126,1,-1,-1,-1,-1,-1,-1
repairllama,,,/home/carol/Documents/summaries/summaries_repairllama_3runs/tools/experiment-summary-bugsdotjar-repairllama-nifi-10332535-TP1-CP1-1-baffc42758.json,,nifi,bugsdotjar,10332535,1211,TP1,1.0,20.0,auto,1.0,"0,1",0,,,bd73f10fe69a,Success,True,4.0,0.005,736,126,1,-1,-1,-1,-1,-1,-1
repairllama,,,/home/carol/Documents/summaries/summaries_repairllama_3runs/tools/experiment-summary-bugsdotjar-repairllama-hadoop-b4c8567e-TP1-CP1-1-948760c6ec.json,,hadoop,bugsdotjar,b4c8567e,1203,TP1,1.0,20.0,auto,1.0,"0,1",0,,,34f11898633e,Success,True,3.0,0.048,4021446,127743,1,-1,-1,-1,-1,-1,-1
repairllama,,,/home/carol/Documents/summaries/summaries_repairllama_3runs/tools/experiment-summary-bugsdotjar-repairllama-hadoop-a4e0ff5e-TP1-CP1-0-17ddf9e19f.json,,hadoop,bugsdotjar,a4e0ff5e,1195,TP1,1.0,20.0,auto,1.0,"0,1",0,,,ce8d57172f03,Tool returned non-zero status,False,6.0,0.151,923823,23058,1,-1,-1,-1,-1,-1,-1
repairllama,,,/home/carol/Documents/summaries/summaries_repairllama_3runs/tools/experiment-summary-bugsdotjar-repairllama-hadoop-b4c8567e-TP1-CP1-2-cd9c7ab7c9.json,,hadoop,bugsdotjar,b4c8567e,1203,TP1,1.0,20.0,auto,1.0,"0,1",0,,,71ecfe69ac3e,Success,True,3.0,0.049,4028167,129525,1,-1,-1,-1,-1,-1,-1
repairllama,,,/home/carol/Documents/summaries/summaries_repairllama_3runs/tools/experiment-summary-bugsdotjar-repairllama-hadoop-a7998921-TP1-CP1-0-5efed4f676.json,,hadoop,bugsdotjar,a7998921,1200,TP1,1.0,20.0,auto,1.0,"0,1",0,,,2096f746e12e,Success,True,4.0,0.051,806,126,1,-1,-1,-1,-1,-1,-1
repairllama,,,/home/carol/Documents/summaries/summaries_repairllama_3runs/tools/experiment-summary-bugsdotjar-repairllama-ambari-b2fae8cb-TP1-CP1-1-e6192ccbe9.json,,ambari,bugsdotjar,b2fae8cb,1262,TP1,1.0,20.0,auto,1.0,"0,1",0,,,412d6a229d3c,Tool returned non-zero status,False,1003.0,0.075,1226,126,1,-1,-1,-1,-1,-1,-1
repairllama,,,/home/carol/Documents/summaries/summaries_repairllama_3runs/tools/experiment-summary-bugsdotjar-repairllama-kafka-be846d83-TP1-CP1-1-ccf20bf70b.json,,kafka,bugsdotjar,be846d83,1243,TP1,1.0,300.0,auto,1.0,"0,1",0,,,3827a632fa2e,Tool returned non-zero status,False,0.0,0.001,486,84,1,-1,-1,-1,-1,-1,-1
repairllama,,,/home/carol/Documents/summaries/summaries_repairllama_3runs/tools/experiment-summary-bugsdotjar-repairllama-hadoop-770cc144-TP1-CP1-0-870d8b8981.json,,hadoop,bugsdotjar,770cc144,1193,TP1,1.0,20.0,auto,1.0,"0,1",0,,,99416fe43373,Tool returned non-zero status,False,1005.0,0.078,587247,44464,1,-1,-1,-1,-1,-1,-1
repairllama,,,/home/carol/Documents/summaries/summaries_repairllama_3runs/tools/experiment-summary-bugsdotjar-repairllama-flink-2558c9ee-TP1-CP1-1-483a1b8117.json,,flink,bugsdotjar,2558c9ee,1165,TP1,1.0,20.0,auto,1.0,"0,1",0,,,6196633aba09,Success,True,588.0,12.023,3842,1654,1,-1,-1,-1,-1,-1,6
repairllama,,,/home/carol/Documents/summaries/summaries_repairllama_3runs/tools/experiment-summary-bugsdotjar-repairllama-ambari-b2fae8cb-TP1-CP1-0-72c4427948.json,,ambari,bugsdotjar,b2fae8cb,1262,TP1,1.0,20.0,auto,1.0,"0,1",0,,,cf68716f6074,Tool returned non-zero status,False,1003.0,0.068,1296,126,1,-1,-1,-1,-1,-1,-1
repairllama,,,/home/carol/Documents/summaries/summaries_repairllama_3runs/tools/experiment-summary-bugsdotjar-repairllama-jackrabbit-86824f03-TP1-CP1-1-a6bbddc197.json,,jackrabbit,bugsdotjar,86824f03,1183,TP1,1.0,20.0,auto,1.0,"0,1",0,,,261a8de02469,Tool returned non-zero status,False,690.0,0.253,1226,126,1,-1,-1,-1,-1,-1,-1
repairllama,,,/home/carol/Documents/summaries/summaries_repairllama_3runs/tools/experiment-summary-bugsdotjar-repairllama-ambari-1eba77a9-TP1-CP1-0-fa5f53070e.json,,ambari,bugsdotjar,1eba77a9,1221,TP1,1.0,20.0,auto,1.0,"0,1",0,,,0b3e60aa3320,Tool returned non-zero status,False,5.0,0.157,5982773,1311551,1,-1,-1,-1,-1,-1,-1
repairllama,,,/home/carol/Documents/summaries/summaries_repairllama_3runs/tools/experiment-summary-bugsdotjar-repairllama-calcite-d4d7ab99-TP1-CP1-0-ac67bada3f.json,,calcite,bugsdotjar,d4d7ab99,1240,TP1,1.0,20.0,auto,1.0,"0,1",0,,,9c1fa0ce8273,Success,True,373.0,11.449,80773,4545,1,-1,-1,-1,-1,-1,6
repairllama,,,/home/carol/Documents/summaries/summaries_repairllama_3runs/tools/experiment-summary-bugsdotjar-repairllama-flink-1836e08f-TP1-CP1-1-5738b79f94.json,,flink,bugsdotjar,1836e08f,1159,TP1,1.0,5.0,auto,1.0,"0,1",0,,,c65a1dd27b0b,Success,True,394.0,12.978,1156,126,1,-1,-1,-1,-1,-1,6
repairllama,,,/home/carol/Documents/summaries/summaries_repairllama_3runs/tools/experiment-summary-bugsdotjar-repairllama-flink-06437970-TP1-CP1-0-05b6b4c23d.json,,flink,bugsdotjar,06437970,1162,TP1,1.0,20.0,auto,1.0,"0,1",0,,,dceb5e04ee71,Tool returned non-zero status,False,7.0,0.296,946,126,1,-1,-1,-1,-1,-1,-1
repairllama,,,/home/carol/Documents/summaries/summaries_repairllama_3runs/tools/experiment-summary-bugsdotjar-repairllama-calcite-618e601b-TP1-CP1-0-502da0fad6.json,,calcite,bugsdotjar,618e601b,1238,TP1,1.0,300.0,auto,1.0,"0,1",0,,,e11d06c1d13d,Tool returned non-zero status,False,0.0,0.001,486,84,1,-1,-1,-1,-1,-1,-1
repairllama,,,/home/carol/Documents/summaries/summaries_repairllama_3runs/tools/experiment-summary-bugsdotjar-repairllama-karaf-6650922f-TP1-CP1-0-bd34904db3.json,,karaf,bugsdotjar,6650922f,1179,TP1,1.0,20.0,auto,1.0,"0,1",0,,,87c328cae58e,Tool returned non-zero status,False,9.0,0.019,876,126,1,-1,-1,-1,-1,-1,-1
repairllama,,,/home/carol/Documents/summaries/summaries_repairllama_3runs/tools/experiment-summary-bugsdotjar-repairllama-hadoop-890a2ebd-TP1-CP1-2-f714b81a19.json,,hadoop,bugsdotjar,890a2ebd,1190,TP1,1.0,20.0,auto,1.0,"0,1",0,,,63314f3b1288,Success,True,3.0,0.008,876923,27581,1,-1,-1,-1,-1,-1,-1
repairllama,,,/home/carol/Documents/summaries/summaries_repairllama_3runs/tools/experiment-summary-bugsdotjar-repairllama-ambari-4b97eb77-TP1-CP1-2-38a3531dca.json,,ambari,bugsdotjar,4b97eb77,1250,TP1,1.0,20.0,auto,1.0,"0,1",0,,,c9a81e0355ef,Tool returned non-zero status,False,1006.0,0.324,2984,1259,1,-1,-1,-1,-1,-1,-1
repairllama,,,/home/carol/Documents/summaries/summaries_repairllama_3runs/tools/experiment-summary-bugsdotjar-repairllama-hadoop-a7998921-TP1-CP1-2-2fc18e0fff.json,,hadoop,bugsdotjar,a7998921,1200,TP1,1.0,20.0,auto,1.0,"0,1",0,,,17bb19e2533e,Success,True,4.0,0.006,806,126,1,-1,-1,-1,-1,-1,-1
repairllama,,,/home/carol/Documents/summaries/summaries_repairllama_3runs/tools/experiment-summary-bugsdotjar-repairllama-nifi-570fc7f1-TP1-CP1-0-a867696bdb.json,,nifi,bugsdotjar,570fc7f1,1208,TP1,1.0,20.0,auto,1.0,"0,1",0,,,37932fbb832e,Success,True,4.0,0.089,3118081,39828,1,-1,-1,-1,-1,-1,-1
repairllama,,,/home/carol/Documents/summaries/summaries_repairllama_3runs/tools/experiment-summary-bugsdotjar-repairllama-kafka-be846d83-TP1-CP1-2-6b9b72df6c.json,,kafka,bugsdotjar,be846d83,1243,TP1,1.0,300.0,auto,1.0,"0,1",0,,,1d96ceb1d248,Tool returned non-zero status,False,0.0,0.001,486,84,1,-1,-1,-1,-1,-1,-1
repairllama,,,/home/carol/Documents/summaries/summaries_repairllama_3runs/tools/experiment-summary-bugsdotjar-repairllama-hadoop-a4e0ff5e-TP1-CP1-1-7ae905c5a9.json,,hadoop,bugsdotjar,a4e0ff5e,1195,TP1,1.0,20.0,auto,1.0,"0,1",0,,,16b86f0c920c,Tool returned non-zero status,False,6.0,0.054,922415,22650,1,-1,-1,-1,-1,-1,-1
repairllama,,,/home/carol/Documents/summaries/summaries_repairllama_3runs/tools/experiment-summary-bugsdotjar-repairllama-ambari-8782442d-TP1-CP1-1-35a0dbfe30.json,,ambari,bugsdotjar,8782442d,1258,TP1,1.0,20.0,auto,1.0,"0,1",0,,,0b196285c672,Tool returned non-zero status,False,1004.0,0.071,1226,126,1,-1,-1,-1,-1,-1,-1
repairllama,,,/home/carol/Documents/summaries/summaries_repairllama_3runs/tools/experiment-summary-bugsdotjar-repairllama-ambari-a5807823-TP1-CP1-2-eb7b814159.json,,ambari,bugsdotjar,a5807823,1260,TP1,1.0,20.0,auto,1.0,"0,1",0,,,93f3b80e3597,Tool returned non-zero status,False,6.0,0.181,7315300,1518702,1,-1,-1,-1,-1,-1,-1
repairllama,,,/home/carol/Documents/summaries/summaries_repairllama_3runs/tools/experiment-summary-bugsdotjar-repairllama-flink-d0fbd344-TP1-CP1-2-02db3b6ac6.json,,flink,bugsdotjar,d0fbd344,1164,TP1,1.0,20.0,auto,1.0,"0,1",0,,,2af4f6256df0,Success,True,287.0,12.312,3015023,82709,1,-1,-1,-1,-1,-1,6
repairllama,,,/home/carol/Documents/summaries/summaries_repairllama_3runs/tools/experiment-summary-bugsdotjar-repairllama-flink-2fbe562d-TP1-CP1-1-e70d4f738b.json,,flink,bugsdotjar,2fbe562d,1163,TP1,1.0,20.0,auto,1.0,"0,1",0,,,ab0c94580676,Success,True,684.0,12.232,1226,126,1,-1,-1,-1,-1,-1,6
repairllama,,,/home/carol/Documents/summaries/summaries_repairllama_3runs/tools/experiment-summary-bugsdotjar-repairllama-flink-6b892a63-TP1-CP1-1-7649408f9b.json,,flink,bugsdotjar,6b892a63,1161,TP1,1.0,15.0,auto,1.0,"0,1",0,,,69d8256adec8,Success,True,363.0,11.962,1156,126,1,-1,-1,-1,-1,-1,6
repairllama,,,/home/carol/Documents/summaries/summaries_repairllama_3runs/tools/experiment-summary-bugsdotjar-repairllama-hadoop-a8e7f745-TP1-CP1-0-a52a63de03.json,,hadoop,bugsdotjar,a8e7f745,1202,TP1,1.0,20.0,auto,1.0,"0,1",0,,,004d8ebe88e5,Success,True,4.0,0.085,806,126,1,-1,-1,-1,-1,-1,-1
repairllama,,,/home/carol/Documents/summaries/summaries_repairllama_3runs/tools/experiment-summary-bugsdotjar-repairllama-calcite-d4d7ab99-TP1-CP1-1-eee3718fd1.json,,calcite,bugsdotjar,d4d7ab99,1240,TP1,1.0,20.0,auto,1.0,"0,1",0,,,5c9df19e1f41,Success,True,373.0,11.964,81566,4545,1,-1,-1,-1,-1,-1,6
repairllama,,,/home/carol/Documents/summaries/summaries_repairllama_3runs/tools/experiment-summary-bugsdotjar-repairllama-flink-e3759a5e-TP1-CP1-2-d784939523.json,,flink,bugsdotjar,e3759a5e,1173,TP1,1.0,5.0,auto,1.0,"0,1",0,,,c428d1dfd7ba,Success,True,414.0,13.01,1156,126,1,-1,-1,-1,-1,-1,6
repairllama,,,/home/carol/Documents/summaries/summaries_repairllama_3runs/tools/experiment-summary-bugsdotjar-repairllama-nifi-3492313d-TP1-CP1-2-f95ce72103.json,,nifi,bugsdotjar,3492313d,1212,TP1,1.0,20.0,auto,1.0,"0,1",0,,,a55a38d56c3f,Success,True,7.0,0.07,876,126,1,-1,-1,-1,-1,-1,-1
repairllama,,,/home/carol/Documents/summaries/summaries_repairllama_3runs/tools/experiment-summary-bugsdotjar-repairllama-calcite-618e601b-TP1-CP1-1-70b09d6735.json,,calcite,bugsdotjar,618e601b,1238,TP1,1.0,300.0,auto,1.0,"0,1",0,,,f8ebd66c1167,Tool returned non-zero status,False,0.0,0.001,646,84,1,-1,-1,-1,-1,-1,-1
repairllama,,,/home/carol/Documents/summaries/summaries_repairllama_3runs/tools/experiment-summary-bugsdotjar-repairllama-ambari-dba3fee7-TP1-CP1-2-4b14b395df.json,,ambari,bugsdotjar,dba3fee7,1266,TP1,1.0,20.0,auto,1.0,"0,1",0,,,b908ea606b65,Tool returned non-zero status,False,1004.0,0.062,1296,126,1,-1,-1,-1,-1,-1,-1
repairllama,,,/home/carol/Documents/summaries/summaries_repairllama_3runs/tools/experiment-summary-bugsdotjar-repairllama-ambari-10636070-TP1-CP1-0-92556442bf.json,,ambari,bugsdotjar,10636070,1247,TP1,1.0,20.0,auto,1.0,"0,1",0,,,85444629bb5c,Tool returned non-zero status,False,1007.0,0.467,6019880,1510477,1,-1,-1,-1,-1,-1,-1
repairllama,,,/home/carol/Documents/summaries/summaries_repairllama_3runs/tools/experiment-summary-bugsdotjar-repairllama-hadoop-0308423b-TP1-CP1-0-5114aaad55.json,,hadoop,bugsdotjar,0308423b,1201,TP1,1.0,20.0,auto,1.0,"0,1",0,,,cdc48da89e03,Success,True,4.0,0.036,244988,12667,1,-1,-1,-1,-1,-1,-1
repairllama,,,/home/carol/Documents/summaries/summaries_repairllama_3runs/tools/experiment-summary-bugsdotjar-repairllama-flink-2558c9ee-TP1-CP1-2-616bc6f194.json,,flink,bugsdotjar,2558c9ee,1165,TP1,1.0,20.0,auto,1.0,"0,1",0,,,b6a77beaf8d6,Success,True,588.0,9.445,3842,1654,1,-1,-1,-1,-1,-1,6
repairllama,,,/home/carol/Documents/summaries/summaries_repairllama_3runs/tools/experiment-summary-bugsdotjar-repairllama-hadoop-a7998921-TP1-CP1-1-60f19e0408.json,,hadoop,bugsdotjar,a7998921,1200,TP1,1.0,20.0,auto,1.0,"0,1",0,,,9a9cce3573c0,Success,True,4.0,0.006,806,126,1,-1,-1,-1,-1,-1,-1
repairllama,,,/home/carol/Documents/summaries/summaries_repairllama_3runs/tools/experiment-summary-bugsdotjar-repairllama-ambari-8782442d-TP1-CP1-2-53bca6cb4c.json,,ambari,bugsdotjar,8782442d,1258,TP1,1.0,20.0,auto,1.0,"0,1",0,,,0e8d999562b3,Tool returned non-zero status,False,1004.0,0.07,1226,126,1,-1,-1,-1,-1,-1,-1
repairllama,,,/home/carol/Documents/summaries/summaries_repairllama_3runs/tools/experiment-summary-bugsdotjar-repairllama-hadoop-b4c8567e-TP1-CP1-0-a532c4d1de.json,,hadoop,bugsdotjar,b4c8567e,1203,TP1,1.0,20.0,auto,1.0,"0,1",0,,,4534d1e7140e,Success,True,3.0,0.069,4021844,127017,1,-1,-1,-1,-1,-1,-1
repairllama,,,/home/carol/Documents/summaries/summaries_repairllama_3runs/tools/experiment-summary-bugsdotjar-repairllama-hadoop-0308423b-TP1-CP1-1-6be0227491.json,,hadoop,bugsdotjar,0308423b,1201,TP1,1.0,20.0,auto,1.0,"0,1",0,,,b420e39dfab8,Success,True,4.0,0.007,243701,12559,1,-1,-1,-1,-1,-1,-1
repairllama,,,/home/carol/Documents/summaries/summaries_repairllama_3runs/tools/experiment-summary-bugsdotjar-repairllama-kafka-98ea773a-TP1-CP1-1-47369a91ce.json,,kafka,bugsdotjar,98ea773a,1242,TP1,1.0,300.0,auto,1.0,"0,1",0,,,bb87f5f44b65,Tool returned non-zero status,False,0.0,0.001,486,84,1,-1,-1,-1,-1,-1,-1
repairllama,,,/home/carol/Documents/summaries/summaries_repairllama_3runs/tools/experiment-summary-bugsdotjar-repairllama-solr-561fddd8-TP1-CP1-0-cea82ca0cc.json,,solr,bugsdotjar,561fddd8,1230,TP1,1.0,120.0,auto,1.0,"0,1",0,,,943669c0c863,Success,True,4.0,0.036,736,126,1,-1,-1,-1,-1,-1,-1
repairllama,,,/home/carol/Documents/summaries/summaries_repairllama_3runs/tools/experiment-summary-bugsdotjar-repairllama-flink-6b892a63-TP1-CP1-0-f9c1beb24b.json,,flink,bugsdotjar,6b892a63,1161,TP1,1.0,15.0,auto,1.0,"0,1",0,,,7c7bf3c195cc,Success,True,363.0,13.2,1156,126,1,-1,-1,-1,-1,-1,6
repairllama,,,/home/carol/Documents/summaries/summaries_repairllama_3runs/tools/experiment-summary-bugsdotjar-repairllama-ambari-27a22897-TP1-CP1-0-6c8336605a.json,,ambari,bugsdotjar,27a22897,1249,TP1,1.0,20.0,auto,1.0,"0,1",0,,,b72595af32a1,Tool returned non-zero status,False,1006.0,0.353,6582969,1516412,1,-1,-1,-1,-1,-1,-1
repairllama,,,/home/carol/Documents/summaries/summaries_repairllama_3runs/tools/experiment-summary-bugsdotjar-repairllama-ambari-b2fae8cb-TP1-CP1-2-ec73fc05a2.json,,ambari,bugsdotjar,b2fae8cb,1262,TP1,1.0,20.0,auto,1.0,"0,1",0,,,572d57e186f4,Tool returned non-zero status,False,1003.0,0.07,1226,126,1,-1,-1,-1,-1,-1,-1
repairllama,,,/home/carol/Documents/summaries/summaries_repairllama_3runs/tools/experiment-summary-bugsdotjar-repairllama-ambari-69c83419-TP1-CP1-0-90dc0b1659.json,,ambari,bugsdotjar,69c83419,1255,TP1,1.0,20.0,auto,1.0,"0,1",0,,,12aad9b95de6,Tool returned non-zero status,False,7.0,0.318,5825876,1541258,1,-1,-1,-1,-1,-1,-1
repairllama,,,/home/carol/Documents/summaries/summaries_repairllama_3runs/tools/experiment-summary-bugsdotjar-repairllama-ambari-1eba77a9-TP1-CP1-1-bc54a1f41e.json,,ambari,bugsdotjar,1eba77a9,1221,TP1,1.0,20.0,auto,1.0,"0,1",0,,,12d5249a6418,Tool returned non-zero status,False,6.0,0.159,6778027,1325711,1,-1,-1,-1,-1,-1,-1
repairllama,,,/home/carol/Documents/summaries/summaries_repairllama_3runs/tools/experiment-summary-bugsdotjar-repairllama-ambari-a5807823-TP1-CP1-1-75082d0aa8.json,,ambari,bugsdotjar,a5807823,1260,TP1,1.0,20.0,auto,1.0,"0,1",0,,,5e0077d04d43,Tool returned non-zero status,False,6.0,0.174,7387363,1509692,1,-1,-1,-1,-1,-1,-1
repairllama,,,/home/carol/Documents/summaries/summaries_repairllama_3runs/tools/experiment-summary-bugsdotjar-repairllama-kafka-98ea773a-TP1-CP1-0-d574e0fa4d.json,,kafka,bugsdotjar,98ea773a,1242,TP1,1.0,300.0,auto,1.0,"0,1",0,,,0b61e3e73208,Tool returned non-zero status,False,0.0,0.001,486,84,1,-1,-1,-1,-1,-1,-1
repairllama,,,/home/carol/Documents/summaries/summaries_repairllama_3runs/tools/experiment-summary-bugsdotjar-repairllama-hadoop-ad10cbd9-TP1-CP1-0-ac9dae0f2f.json,,hadoop,bugsdotjar,ad10cbd9,1186,TP1,1.0,20.0,auto,1.0,"0,1",0,,,0d5e27feddab,Tool returned non-zero status,False,1006.0,0.197,1007692,53667,1,-1,-1,-1,-1,-1,-1
repairllama,,,/home/carol/Documents/summaries/summaries_repairllama_3runs/tools/experiment-summary-bugsdotjar-repairllama-hadoop-905c58ed-TP1-CP1-0-0c0fdc3cdb.json,,hadoop,bugsdotjar,905c58ed,1194,TP1,1.0,20.0,auto,1.0,"0,1",0,,,f7df324a2596,Tool returned non-zero status,False,1005.0,0.159,548410,26501,1,-1,-1,-1,-1,-1,-1
repairllama,,,/home/carol/Documents/summaries/summaries_repairllama_3runs/tools/experiment-summary-bugsdotjar-repairllama-flink-d0fbd344-TP1-CP1-0-2f78a499be.json,,flink,bugsdotjar,d0fbd344,1164,TP1,1.0,20.0,auto,1.0,"0,1",0,,,42643dc4d50e,Success,True,287.0,11.913,3015360,82193,1,-1,-1,-1,-1,-1,6
repairllama,,,/home/carol/Documents/summaries/summaries_repairllama_3runs/tools/experiment-summary-bugsdotjar-repairllama-ambari-f4e0f6ca-TP1-CP1-1-996889709e.json,,ambari,bugsdotjar,f4e0f6ca,1268,TP1,1.0,20.0,auto,1.0,"0,1",0,,,0c83a0695806,Tool returned non-zero status,False,1004.0,0.149,1296,126,1,-1,-1,-1,-1,-1,-1
repairllama,,,/home/carol/Documents/summaries/summaries_repairllama_3runs/tools/experiment-summary-bugsdotjar-repairllama-ambari-6fae1889-TP1-CP1-2-1aca5caa29.json,,ambari,bugsdotjar,6fae1889,1257,TP1,1.0,20.0,auto,1.0,"0,1",0,,,7aea14c03a2e,Job Timeout,,3606.0,0.001,486,84,1,-1,-1,-1,-1,-1,-1
repairllama,,,/home/carol/Documents/summaries/summaries_repairllama_3runs/tools/experiment-summary-bugsdotjar-repairllama-solr-93ebd8d5-TP1-CP1-2-56586eccc8.json,,solr,bugsdotjar,93ebd8d5,1233,TP1,1.0,120.0,auto,1.0,"0,1",0,,,bcdbc66ac365,Success,True,4.0,0.005,736,126,1,-1,-1,-1,-1,-1,-1
repairllama,,,/home/carol/Documents/summaries/summaries_repairllama_3runs/tools/experiment-summary-bugsdotjar-repairllama-ambari-1eba77a9-TP1-CP1-2-7e0f82ab7e.json,,ambari,bugsdotjar,1eba77a9,1221,TP1,1.0,20.0,auto,1.0,"0,1",0,,,7c6e04962a1f,Tool returned non-zero status,False,5.0,0.158,6470474,1325310,1,-1,-1,-1,-1,-1,-1
repairllama,,,/home/carol/Documents/summaries/summaries_repairllama_3runs/tools/experiment-summary-bugsdotjar-repairllama-flink-1836e08f-TP1-CP1-0-ba80e58c7b.json,,flink,bugsdotjar,1836e08f,1159,TP1,1.0,5.0,auto,1.0,"0,1",0,,,b7cd58f34f1b,Success,True,394.0,12.605,1156,126,1,-1,-1,-1,-1,-1,6
repairllama,,,/home/carol/Documents/summaries/summaries_repairllama_3runs/tools/experiment-summary-bugsdotjar-repairllama-hadoop-890a2ebd-TP1-CP1-0-0656926042.json,,hadoop,bugsdotjar,890a2ebd,1190,TP1,1.0,20.0,auto,1.0,"0,1",0,,,d2a771589948,Success,True,3.0,0.008,876439,27185,1,-1,-1,-1,-1,-1,-1
repairllama,,,/home/carol/Documents/summaries/summaries_repairllama_3runs/tools/experiment-summary-bugsdotjar-repairllama-ambari-4b97eb77-TP1-CP1-0-296c59067d.json,,ambari,bugsdotjar,4b97eb77,1250,TP1,1.0,20.0,auto,1.0,"0,1",0,,,13a1edb0d07d,Tool returned non-zero status,False,1006.0,0.362,3054,1259,1,-1,-1,-1,-1,-1,-1
repairllama,,,/home/carol/Documents/summaries/summaries_repairllama_3runs/tools/experiment-summary-bugsdotjar-repairllama-nifi-4417b9d6-TP1-CP1-2-3712aba1ac.json,,nifi,bugsdotjar,4417b9d6,1210,TP1,1.0,20.0,auto,1.0,"0,1",0,,,49e6fcce573b,Tool returned non-zero status,False,41.0,0.076,1507979,26776,1,-1,-1,-1,-1,-1,-1
repairllama,,,/home/carol/Documents/summaries/summaries_repairllama_3runs/tools/experiment-summary-bugsdotjar-repairllama-hadoop-49b4c0b3-TP1-CP1-1-671ee1130c.json,,hadoop,bugsdotjar,49b4c0b3,1187,TP1,1.0,20.0,auto,1.0,"0,1",0,,,f28f31346f92,Success,True,116.0,12.261,1086,126,1,-1,-1,-1,-1,-1,2
repairllama,,,/home/carol/Documents/summaries/summaries_repairllama_3runs/tools/experiment-summary-bugsdotjar-repairllama-hbase-190c253c-TP1-CP1-0-97d3b9cc58.json,,hbase,bugsdotjar,190c253c,1174,TP1,1.0,20.0,auto,1.0,"0,1",0,,,0ddbb227116c,Success,True,705.0,13.139,5252533,47810,1,-1,-1,-1,-1,-1,6
repairllama,,,/home/carol/Documents/summaries/summaries_repairllama_3runs/tools/experiment-summary-bugsdotjar-repairllama-hadoop-770cc144-TP1-CP1-1-dafb214ba8.json,,hadoop,bugsdotjar,770cc144,1193,TP1,1.0,20.0,auto,1.0,"0,1",0,,,551a77dda65c,Tool returned non-zero status,False,1005.0,0.196,587325,44272,1,-1,-1,-1,-1,-1,-1
repairllama,,,/home/carol/Documents/summaries/summaries_repairllama_3runs/tools/experiment-summary-bugsdotjar-repairllama-flink-42d8dde0-TP1-CP1-0-87b75a2d24.json,,flink,bugsdotjar,42d8dde0,1169,TP1,1.0,20.0,auto,1.0,"0,1",0,,,0ba4d7215abb,Success,True,659.0,9.741,1226,126,1,-1,-1,-1,-1,-1,6
repairllama,,,/home/carol/Documents/summaries/summaries_repairllama_3runs/tools/experiment-summary-bugsdotjar-repairllama-ambari-1eba77a9-TP1-CP1-1-11b9e6c444.json,,ambari,bugsdotjar,1eba77a9,1221,TP1,1.0,20.0,auto,1.0,"0,1",0,,,9a36a0517c84,Tool returned non-zero status,False,5.0,0.155,6381511,1326567,1,-1,-1,-1,-1,-1,-1
repairllama,,,/home/carol/Documents/summaries/summaries_repairllama_3runs/tools/experiment-summary-bugsdotjar-repairllama-flink-9c3be7e6-TP1-CP1-1-0f59f26804.json,,flink,bugsdotjar,9c3be7e6,1172,TP1,1.0,20.0,auto,1.0,"0,1",0,,,4877d595825e,Tool returned non-zero status,False,45.0,0.215,3452582,37970,1,-1,-1,-1,-1,-1,-1
repairllama,,,/home/carol/Documents/summaries/summaries_repairllama_3runs/tools/experiment-summary-bugsdotjar-repairllama-ambari-58dabba1-TP1-CP1-0-a1b3116bfa.json,,ambari,bugsdotjar,58dabba1,1251,TP1,1.0,20.0,auto,1.0,"0,1",0,,,5ef09ec97509,Tool returned non-zero status,False,1003.0,0.061,1226,126,1,-1,-1,-1,-1,-1,-1
repairllama,,,/home/carol/Documents/summaries/summaries_repairllama_3runs/tools/experiment-summary-bugsdotjar-repairllama-ambari-e3d5fd61-TP1-CP1-2-f1b5c8a5ed.json,,ambari,bugsdotjar,e3d5fd61,1267,TP1,1.0,20.0,auto,1.0,"0,1",0,,,ec69574d452a,Tool returned non-zero status,False,1006.0,0.314,19556,4469,1,-1,-1,-1,-1,-1,-1
repairllama,,,/home/carol/Documents/summaries/summaries_repairllama_3runs/tools/experiment-summary-bugsdotjar-repairllama-hadoop-b1e05908-TP1-CP1-2-98241c2c3d.json,,hadoop,bugsdotjar,b1e05908,1192,TP1,1.0,20.0,auto,1.0,"0,1",0,,,f7fa2f57ecbd,Success,True,3.0,0.026,18425375,546298,1,-1,-1,-1,-1,-1,-1
repairllama,,,/home/carol/Documents/summaries/summaries_repairllama_3runs/tools/experiment-summary-bugsdotjar-repairllama-hbase-9c1f2dd0-TP1-CP1-2-02ad22fbd0.json,,hbase,bugsdotjar,9c1f2dd0,1175,TP1,1.0,20.0,auto,1.0,"0,1",0,,,86d754821dc9,Tool returned non-zero status,False,7.0,0.192,946,126,1,-1,-1,-1,-1,-1,-1
repairllama,,,/home/carol/Documents/summaries/summaries_repairllama_3runs/tools/experiment-summary-bugsdotjar-repairllama-solr-93ebd8d5-TP1-CP1-0-426e515ce1.json,,solr,bugsdotjar,93ebd8d5,1233,TP1,1.0,120.0,auto,1.0,"0,1",0,,,0d3065c14ab2,Success,True,4.0,0.044,736,126,1,-1,-1,-1,-1,-1,-1
repairllama,,,/home/carol/Documents/summaries/summaries_repairllama_3runs/tools/experiment-summary-bugsdotjar-repairllama-hadoop-0308423b-TP1-CP1-2-a84850a564.json,,hadoop,bugsdotjar,0308423b,1201,TP1,1.0,20.0,auto,1.0,"0,1",0,,,f3351b3ddd76,Success,True,4.0,0.007,243348,12427,1,-1,-1,-1,-1,-1,-1
repairllama,,,/home/carol/Documents/summaries/summaries_repairllama_3runs/tools/experiment-summary-bugsdotjar-repairllama-solr-a027a355-TP1-CP1-2-3ba799b2bc.json,,solr,bugsdotjar,a027a355,1235,TP1,1.0,120.0,auto,1.0,"0,1",0,,,8c6bb10c6d6f,Success,True,3.0,0.005,736,126,1,-1,-1,-1,-1,-1,-1
repairllama,,,/home/carol/Documents/summaries/summaries_repairllama_3runs/tools/experiment-summary-bugsdotjar-repairllama-solr-6d68694c-TP1-CP1-0-c90fc24874.json,,solr,bugsdotjar,6d68694c,1231,TP1,1.0,120.0,auto,1.0,"0,1",0,,,27044b3dc960,Success,True,3.0,0.036,736,126,1,-1,-1,-1,-1,-1,-1
repairllama,,,/home/carol/Documents/summaries/summaries_repairllama_3runs/tools/experiment-summary-bugsdotjar-repairllama-flink-31837a75-TP1-CP1-0-3c7c55c9a6.json,,flink,bugsdotjar,31837a75,1160,TP1,1.0,5.0,auto,1.0,"0,1",0,,,b16952c823f4,Success,True,436.0,12.974,1156,126,1,-1,-1,-1,-1,-1,6
cardumen,,,/home/carol/Documents/summaries/summaries_cardumen/summaries_cardumen_3/summaries/tools/experiment-summary-bugsdotjar-cardumen-hadoop-a4e0ff5e-TP1-CP1-0-4dd03f780a.json,,hadoop,bugsdotjar,a4e0ff5e,1195,TP1,1.0,20.0,auto,1.0,"0,1",0,,,637c8b32f780,Tool returned non-zero status,False,1.0,0.122,12543,2185,1,-1,0,0,0,-1,0
cardumen,,,/home/carol/Documents/summaries/summaries_cardumen/summaries_cardumen_3/summaries/tools/experiment-summary-bugsdotjar-cardumen-kafka-be846d83-TP1-CP1-0-001ab6f8de.json,,kafka,bugsdotjar,be846d83,1243,TP1,1.0,300.0,auto,1.0,"0,1",0,,,472637ceefa7,Tool returned non-zero status,False,1.0,0.003,1269,126,1,-1,0,0,0,-1,0
cardumen,,,/home/carol/Documents/summaries/summaries_cardumen/summaries_cardumen_3/summaries/tools/experiment-summary-bugsdotjar-cardumen-hadoop-0308423b-TP1-CP1-0-cfc2ad5b6b.json,,hadoop,bugsdotjar,0308423b,1201,TP1,1.0,20.0,auto,1.0,"0,1",0,,,fc039eb425f1,Tool returned non-zero status,False,0.0,0.027,31857,11563,1,-1,0,0,0,-1,0
cardumen,,,/home/carol/Documents/summaries/summaries_cardumen/summaries_cardumen_3/summaries/tools/experiment-summary-bugsdotjar-cardumen-hadoop-b1e05908-TP1-CP1-0-a6577a6a3b.json,,hadoop,bugsdotjar,b1e05908,1192,TP1,1.0,20.0,auto,1.0,"0,1",0,,,b062b1c3eb8f,Tool returned non-zero status,False,1.0,0.032,94873,38510,1,-1,0,0,0,-1,0
cardumen,,,/home/carol/Documents/summaries/summaries_cardumen/summaries_cardumen_3/summaries/tools/experiment-summary-bugsdotjar-cardumen-hbase-190c253c-TP1-CP1-0-e2ebd4b782.json,,hbase,bugsdotjar,190c253c,1174,TP1,1.0,20.0,auto,1.0,"0,1",0,,,2ad7d1a8f44f,Success,True,252.0,0.466,18652848,115152,1,-1,0,0,0,-1,0
cardumen,,,/home/carol/Documents/summaries/summaries_cardumen/summaries_cardumen_3/summaries/tools/experiment-summary-bugsdotjar-cardumen-ambari-e3d5fd61-TP1-CP1-0-70a9f4ebb6.json,,ambari,bugsdotjar,e3d5fd61,1267,TP1,1.0,20.0,auto,1.0,"0,1",0,,,f2b11b082a7a,Tool returned non-zero status,False,120.0,0.898,71167,20525,1,-1,0,0,0,-1,0
cardumen,,,/home/carol/Documents/summaries/summaries_cardumen/summaries_cardumen_3/summaries/tools/experiment-summary-bugsdotjar-cardumen-flink-31837a75-TP1-CP1-0-e66dbe823d.json,,flink,bugsdotjar,31837a75,1160,TP1,1.0,5.0,auto,1.0,"0,1",0,,,74cd112f0869,Success,True,936.0,0.536,1321823,58253,1,-1,1090,778,0,312,0
cardumen,,,/home/carol/Documents/summaries/summaries_cardumen/summaries_cardumen_3/summaries/tools/experiment-summary-bugsdotjar-cardumen-flink-d0fbd344-TP1-CP1-0-7a9c47bd17.json,,flink,bugsdotjar,d0fbd344,1164,TP1,1.0,20.0,auto,1.0,"0,1",0,,,654d778bd768,Success,True,29.0,1.11,4673367,101620,1,-1,0,0,0,-1,0
cardumen,,,/home/carol/Documents/summaries/summaries_cardumen/summaries_cardumen_3/summaries/tools/experiment-summary-bugsdotjar-cardumen-hbase-21cb00ee-TP1-CP1-0-658fa90589.json,,hbase,bugsdotjar,21cb00ee,1176,TP1,1.0,20.0,auto,1.0,"0,1",0,,,7bcb22c410b4,Tool returned non-zero status,False,778.0,0.295,5063,126,1,-1,0,0,0,-1,0
cardumen,,,/home/carol/Documents/summaries/summaries_cardumen/summaries_cardumen_3/summaries/tools/experiment-summary-bugsdotjar-cardumen-ambari-630299fb-TP1-CP1-0-8eeb0a71a1.json,,ambari,bugsdotjar,630299fb,1252,TP1,1.0,20.0,auto,1.0,"0,1",0,,,3e012993c2b1,Tool returned non-zero status,False,199.0,0.87,6008334,1348628,1,-1,0,0,0,-1,0
cardumen,,,/home/carol/Documents/summaries/summaries_cardumen/summaries_cardumen_3/summaries/tools/experiment-summary-bugsdotjar-cardumen-hadoop-513ec3de-TP1-CP1-0-873befc6d1.json,,hadoop,bugsdotjar,513ec3de,1191,TP1,1.0,20.0,auto,1.0,"0,1",0,,,dc643d2f2beb,Tool returned non-zero status,False,1.0,0.03,73878,23254,1,-1,0,0,0,-1,0
cardumen,,,/home/carol/Documents/summaries/summaries_cardumen/summaries_cardumen_3/summaries/tools/experiment-summary-bugsdotjar-cardumen-hadoop-b4c8567e-TP1-CP1-0-14e28c34aa.json,,hadoop,bugsdotjar,b4c8567e,1203,TP1,1.0,20.0,auto,1.0,"0,1",0,,,f37e0526adbe,Tool returned non-zero status,False,0.0,0.095,18466,4633,1,-1,0,0,0,-1,0
cardumen,,,/home/carol/Documents/summaries/summaries_cardumen/summaries_cardumen_3/summaries/tools/experiment-summary-bugsdotjar-cardumen-flink-91a0c8c5-TP1-CP1-0-9e2f286ec2.json,,flink,bugsdotjar,91a0c8c5,1166,TP1,1.0,20.0,auto,1.0,"0,1",0,,,9da7dad4c355,Tool returned non-zero status,False,34.0,0.697,2562809,56301,1,-1,0,0,0,-1,0
cardumen,,,/home/carol/Documents/summaries/summaries_cardumen/summaries_cardumen_3/summaries/tools/experiment-summary-bugsdotjar-cardumen-karaf-6650922f-TP1-CP1-0-042495ed66.json,,karaf,bugsdotjar,6650922f,1179,TP1,1.0,20.0,auto,1.0,"0,1",0,,,88aeb7af4f60,Job Timeout,,3704.0,0.001,266,84,1,-1,1378,865,0,513,0
cardumen,,,/home/carol/Documents/summaries/summaries_cardumen/summaries_cardumen_3/summaries/tools/experiment-summary-bugsdotjar-cardumen-hadoop-31ebccc9-TP1-CP1-0-a95f55dcb0.json,,hadoop,bugsdotjar,31ebccc9,1188,TP1,1.0,20.0,auto,1.0,"0,1",0,,,1767d13ebe4e,Tool returned non-zero status,False,0.0,0.247,138069,46167,1,-1,0,0,0,-1,0
cardumen,,,/home/carol/Documents/summaries/summaries_cardumen/summaries_cardumen_3/summaries/tools/experiment-summary-bugsdotjar-cardumen-jackrabbit-86824f03-TP1-CP1-0-da9e629b61.json,,jackrabbit,bugsdotjar,86824f03,1183,TP1,1.0,20.0,auto,1.0,"0,1",0,,,5148bda1260f,Job Timeout,,3831.0,0.001,266,84,1,-1,5958,4619,0,1339,0
cardumen,,,/home/carol/Documents/summaries/summaries_cardumen/summaries_cardumen_3/summaries/tools/experiment-summary-bugsdotjar-cardumen-hadoop-2b19054c-TP1-CP1-0-1c316e4728.json,,hadoop,bugsdotjar,2b19054c,1197,TP1,1.0,20.0,auto,1.0,"0,1",0,,,d4d67329f47a,Tool returned non-zero status,False,1.0,0.024,32261,12085,1,-1,0,0,0,-1,0
cardumen,,,/home/carol/Documents/summaries/summaries_cardumen/summaries_cardumen_3/summaries/tools/experiment-summary-bugsdotjar-cardumen-ambari-b2fae8cb-TP1-CP1-0-f966a58210.json,,ambari,bugsdotjar,b2fae8cb,1262,TP1,1.0,20.0,auto,1.0,"0,1",0,,,74964908c4a7,Success,True,1296.0,0.331,5273803,737493,1,-1,4656,3108,0,1548,0
cardumen,,,/home/carol/Documents/summaries/summaries_cardumen/summaries_cardumen_3/summaries/tools/experiment-summary-bugsdotjar-cardumen-ambari-58dabba1-TP1-CP1-0-884c1cd259.json,,ambari,bugsdotjar,58dabba1,1251,TP1,1.0,20.0,auto,1.0,"0,1",0,,,122e5d971d33,Job Timeout,,3790.0,0.001,737,84,1,-1,7002,4327,0,2675,0
cardumen,,,/home/carol/Documents/summaries/summaries_cardumen/summaries_cardumen_3/summaries/tools/experiment-summary-bugsdotjar-cardumen-kafka-e7663a30-TP1-CP1-0-091a3e6021.json,,kafka,bugsdotjar,e7663a30,1246,TP1,1.0,300.0,auto,1.0,"0,1",0,,,1bc8cdac3424,Tool returned non-zero status,False,1.0,0.072,3482,126,1,-1,0,0,0,-1,0
cardumen,,,/home/carol/Documents/summaries/summaries_cardumen/summaries_cardumen_3/summaries/tools/experiment-summary-bugsdotjar-cardumen-ambari-6fae1889-TP1-CP1-0-1b3696a2d4.json,,ambari,bugsdotjar,6fae1889,1257,TP1,1.0,20.0,auto,1.0,"0,1",0,,,d04f825b1b5e,Tool returned non-zero status,False,8.0,0.517,1356577,229253,1,-1,0,0,0,-1,0
cardumen,,,/home/carol/Documents/summaries/summaries_cardumen/summaries_cardumen_3/summaries/tools/experiment-summary-bugsdotjar-cardumen-flink-9c3be7e6-TP1-CP1-0-afd6c571cf.json,,flink,bugsdotjar,9c3be7e6,1172,TP1,1.0,20.0,auto,1.0,"0,1",0,,,23e892a7efa1,Success,True,173.0,1.314,5049633,90260,1,-1,0,0,0,-1,0
cardumen,,,/home/carol/Documents/summaries/summaries_cardumen/summaries_cardumen_3/summaries/tools/experiment-summary-bugsdotjar-cardumen-solr-561fddd8-TP1-CP1-0-31ce5a9688.json,,solr,bugsdotjar,561fddd8,1230,TP1,1.0,20.0,auto,1.0,"0,1",0,,,04cd99e29f3a,Tool returned non-zero status,False,1.0,0.001,4410,126,1,-1,0,0,0,-1,0
cardumen,,,/home/carol/Documents/summaries/summaries_cardumen/summaries_cardumen_3/summaries/tools/experiment-summary-bugsdotjar-cardumen-ambari-10636070-TP1-CP1-0-5b070e7aed.json,,ambari,bugsdotjar,10636070,1247,TP1,1.0,20.0,auto,1.0,"0,1",0,,,e8da8ba4506f,Tool returned non-zero status,False,197.0,0.868,5970560,1345983,1,-1,0,0,0,-1,0
cardumen,,,/home/carol/Documents/summaries/summaries_cardumen/summaries_cardumen_3/summaries/tools/experiment-summary-bugsdotjar-cardumen-flink-2fbe562d-TP1-CP1-0-d2c3ae053f.json,,flink,bugsdotjar,2fbe562d,1163,TP1,1.0,20.0,auto,1.0,"0,1",0,,,c0c415daa9ef,Tool returned non-zero status,False,1.0,0.209,45777,13584,1,-1,0,0,0,-1,0
cardumen,,,/home/carol/Documents/summaries/summaries_cardumen/summaries_cardumen_3/summaries/tools/experiment-summary-bugsdotjar-cardumen-solr-d01c4d6a-TP1-CP1-0-e1267067c4.json,,solr,bugsdotjar,d01c4d6a,1237,TP1,1.0,20.0,auto,1.0,"0,1",0,,,5e0cb83e6284,Tool returned non-zero status,False,1.0,0.001,5071,126,1,-1,0,0,0,-1,0
cardumen,,,/home/carol/Documents/summaries/summaries_cardumen/summaries_cardumen_3/summaries/tools/experiment-summary-bugsdotjar-cardumen-wicket-1fb66533-TP1-CP1-0-990fe6d59e.json,,wicket,bugsdotjar,1fb66533,1121,TP1,1.0,5.0,auto,1.0,"0,1",0,,,7bb8bd6e1a07,Job Timeout,,3758.0,0.001,266,84,1,-1,6802,4736,0,2066,0
cardumen,,,/home/carol/Documents/summaries/summaries_cardumen/summaries_cardumen_3/summaries/tools/experiment-summary-bugsdotjar-cardumen-flink-e3759a5e-TP1-CP1-0-acf3ee76dd.json,,flink,bugsdotjar,e3759a5e,1173,TP1,1.0,5.0,auto,1.0,"0,1",0,,,3a32cc40fead,Success,True,13.0,0.523,1308960,52045,1,-1,0,0,0,-1,0
cardumen,,,/home/carol/Documents/summaries/summaries_cardumen/summaries_cardumen_3/summaries/tools/experiment-summary-bugsdotjar-cardumen-nifi-570fc7f1-TP1-CP1-0-9ce73fe7ca.json,,nifi,bugsdotjar,570fc7f1,1208,TP1,1.0,20.0,auto,1.0,"0,1",0,,,b8739c4a8f77,Tool returned non-zero status,False,3.0,0.211,3154319,55325,1,-1,0,0,0,-1,0
cardumen,,,/home/carol/Documents/summaries/summaries_cardumen/summaries_cardumen_3/summaries/tools/experiment-summary-bugsdotjar-cardumen-ambari-8782442d-TP1-CP1-0-e8552f2522.json,,ambari,bugsdotjar,8782442d,1258,TP1,1.0,20.0,auto,1.0,"0,1",0,,,c0bfc36104d2,Success,True,1453.0,0.378,38020,7402,1,-1,4672,3124,0,1548,0
cardumen,,,/home/carol/Documents/summaries/summaries_cardumen/summaries_cardumen_3/summaries/tools/experiment-summary-bugsdotjar-cardumen-hadoop-d720ebc2-TP1-CP1-0-5f33a4be32.json,,hadoop,bugsdotjar,d720ebc2,1199,TP1,1.0,20.0,auto,1.0,"0,1",0,,,8c799c634fa3,Tool returned non-zero status,False,1.0,0.048,23540,10080,1,-1,0,0,0,-1,0
cardumen,,,/home/carol/Documents/summaries/summaries_cardumen/summaries_cardumen_3/summaries/tools/experiment-summary-bugsdotjar-cardumen-solr-1ce4d6b3-TP1-CP1-0-87813a5585.json,,solr,bugsdotjar,1ce4d6b3,1228,TP1,1.0,600.0,auto,1.0,"0,1",0,,,b0d44964f949,Tool returned non-zero status,False,1.0,0.737,48427,14001,1,-1,0,0,0,-1,0
cardumen,,,/home/carol/Documents/summaries/summaries_cardumen/summaries_cardumen_3/summaries/tools/experiment-summary-bugsdotjar-cardumen-jackrabbit-57c16ec4-TP1-CP1-0-d1f6717a5d.json,,jackrabbit,bugsdotjar,57c16ec4,1181,TP1,1.0,20.0,auto,1.0,"0,1",0,,,8aef9ac2c24e,Success,True,26.0,0.096,1610786,70908,1,-1,0,0,0,-1,0
cardumen,,,/home/carol/Documents/summaries/summaries_cardumen/summaries_cardumen_3/summaries/tools/experiment-summary-bugsdotjar-cardumen-ambari-f4e0f6ca-TP1-CP1-0-ad9d5b7e3c.json,,ambari,bugsdotjar,f4e0f6ca,1268,TP1,1.0,20.0,auto,1.0,"0,1",0,,,a7bd30bc9e5f,Tool returned non-zero status,False,17.0,0.456,47398,12236,1,-1,0,0,0,-1,0
cardumen,,,/home/carol/Documents/summaries/summaries_cardumen/summaries_cardumen_3/summaries/tools/experiment-summary-bugsdotjar-cardumen-calcite-d4d7ab99-TP1-CP1-0-35b86dc59f.json,,calcite,bugsdotjar,d4d7ab99,1240,TP1,1.0,20.0,auto,1.0,"0,1",0,,,4dca80934d69,Success,True,13.0,0.084,3482,126,1,-1,0,0,0,-1,0
cardumen,,,/home/carol/Documents/summaries/summaries_cardumen/summaries_cardumen_3/summaries/tools/experiment-summary-bugsdotjar-cardumen-nifi-4417b9d6-TP1-CP1-0-9d603b422d.json,,nifi,bugsdotjar,4417b9d6,1210,TP1,1.0,20.0,auto,1.0,"0,1",0,,,8b84df710aa4,Success,True,87.0,0.203,3646486,84001,1,-1,0,0,0,-1,0
cardumen,,,/home/carol/Documents/summaries/summaries_cardumen/summaries_cardumen_3/summaries/tools/experiment-summary-bugsdotjar-cardumen-hadoop-a8e7f745-TP1-CP1-0-27368d88c8.json,,hadoop,bugsdotjar,a8e7f745,1202,TP1,1.0,20.0,auto,1.0,"0,1",0,,,1c22bcee67cc,Tool returned non-zero status,False,0.0,0.13,13786,2701,1,-1,0,0,0,-1,0
cardumen,,,/home/carol/Documents/summaries/summaries_cardumen/summaries_cardumen_3/summaries/tools/experiment-summary-bugsdotjar-cardumen-flink-06437970-TP1-CP1-0-12e963e2bc.json,,flink,bugsdotjar,06437970,1162,TP1,1.0,20.0,auto,1.0,"0,1",0,,,113ac001afdc,Success,True,2791.0,2.051,6908,866,1,-1,196,120,0,76,0
cardumen,,,/home/carol/Documents/summaries/summaries_cardumen/summaries_cardumen_3/summaries/tools/experiment-summary-bugsdotjar-cardumen-flink-2558c9ee-TP1-CP1-0-1b12e62b33.json,,flink,bugsdotjar,2558c9ee,1165,TP1,1.0,20.0,auto,1.0,"0,1",0,,,6b40fb7b6086,Job Timeout,,3601.0,0.001,266,84,1,-1,0,0,0,-1,0
cardumen,,,/home/carol/Documents/summaries/summaries_cardumen/summaries_cardumen_3/summaries/tools/experiment-summary-bugsdotjar-cardumen-ambari-4b97eb77-TP1-CP1-0-a740e64029.json,,ambari,bugsdotjar,4b97eb77,1250,TP1,1.0,20.0,auto,1.0,"0,1",0,,,5b6848cb2a32,Tool returned non-zero status,False,112.0,0.909,68486,20513,1,-1,0,0,0,-1,0
cardumen,,,/home/carol/Documents/summaries/summaries_cardumen/summaries_cardumen_3/summaries/tools/experiment-summary-bugsdotjar-cardumen-solr-6d68694c-TP1-CP1-0-dbe9657fe9.json,,solr,bugsdotjar,6d68694c,1231,TP1,1.0,20.0,auto,1.0,"0,1",0,,,e6311f44778c,Tool returned non-zero status,False,0.0,0.001,3618,126,1,-1,0,0,0,-1,0
cardumen,,,/home/carol/Documents/summaries/summaries_cardumen/summaries_cardumen_3/summaries/tools/experiment-summary-bugsdotjar-cardumen-nifi-10332535-TP1-CP1-0-89e8a77993.json,,nifi,bugsdotjar,10332535,1211,TP1,1.0,20.0,auto,1.0,"0,1",0,,,fc768639c017,Tool returned non-zero status,False,1.0,0.138,1507898,22847,1,-1,0,0,0,-1,0
cardumen,,,/home/carol/Documents/summaries/summaries_cardumen/summaries_cardumen_3/summaries/tools/experiment-summary-bugsdotjar-cardumen-hadoop-905c58ed-TP1-CP1-0-39d65c03a1.json,,hadoop,bugsdotjar,905c58ed,1194,TP1,1.0,20.0,auto,1.0,"0,1",0,,,112be470c390,Tool returned non-zero status,False,1.0,0.165,33869,17399,1,-1,0,0,0,-1,0
cardumen,,,/home/carol/Documents/summaries/summaries_cardumen/summaries_cardumen_3/summaries/tools/experiment-summary-bugsdotjar-cardumen-hbase-9c1f2dd0-TP1-CP1-0-e5af39debf.json,,hbase,bugsdotjar,9c1f2dd0,1175,TP1,1.0,20.0,auto,1.0,"0,1",0,,,36fb85f36ae3,Tool returned non-zero status,False,528.0,0.743,4772,126,1,-1,0,0,0,-1,0
cardumen,,,/home/carol/Documents/summaries/summaries_cardumen/summaries_cardumen_3/summaries/tools/experiment-summary-bugsdotjar-cardumen-hadoop-890a2ebd-TP1-CP1-0-b75c59494d.json,,hadoop,bugsdotjar,890a2ebd,1190,TP1,1.0,20.0,auto,1.0,"0,1",0,,,c1e8e2d2bfee,Tool returned non-zero status,False,1.0,0.033,46794,17679,1,-1,0,0,0,-1,0
cardumen,,,/home/carol/Documents/summaries/summaries_cardumen/summaries_cardumen_3/summaries/tools/experiment-summary-bugsdotjar-cardumen-solr-3a63c58d-TP1-CP1-0-2593fe7bab.json,,solr,bugsdotjar,3a63c58d,1229,TP1,1.0,20.0,auto,1.0,"0,1",0,,,ca25ea0b8f8b,Tool returned non-zero status,False,1.0,0.001,4857,126,1,-1,0,0,0,-1,0
cardumen,,,/home/carol/Documents/summaries/summaries_cardumen/summaries_cardumen_3/summaries/tools/experiment-summary-bugsdotjar-cardumen-kafka-98ea773a-TP1-CP1-0-bc96c7b9a7.json,,kafka,bugsdotjar,98ea773a,1242,TP1,1.0,300.0,auto,1.0,"0,1",0,,,56894136deef,Job Timeout,,3601.0,0.001,266,84,1,-1,0,0,0,-1,0
cardumen,,,/home/carol/Documents/summaries/summaries_cardumen/summaries_cardumen_3/summaries/tools/experiment-summary-bugsdotjar-cardumen-solr-0baf2fa3-TP1-CP1-0-1b83f8faff.json,,solr,bugsdotjar,0baf2fa3,1227,TP1,1.0,20.0,auto,1.0,"0,1",0,,,789144350d4e,Tool returned non-zero status,False,1.0,0.001,4526,126,1,-1,0,0,0,-1,0
cardumen,,,/home/carol/Documents/summaries/summaries_cardumen/summaries_cardumen_3/summaries/tools/experiment-summary-bugsdotjar-cardumen-flink-6b892a63-TP1-CP1-0-6f90c9f2e0.json,,flink,bugsdotjar,6b892a63,1161,TP1,1.0,15.0,auto,1.0,"0,1",0,,,aed0055871db,Success,True,30.0,0.64,4400,126,1,-1,0,0,0,-1,0
cardumen,,,/home/carol/Documents/summaries/summaries_cardumen/summaries_cardumen_3/summaries/tools/experiment-summary-bugsdotjar-cardumen-solr-79351129-TP1-CP1-0-2ed18259b5.json,,solr,bugsdotjar,79351129,1232,TP1,1.0,20.0,auto,1.0,"0,1",0,,,cc079d63c9bf,Tool returned non-zero status,False,1.0,0.001,3988,126,1,-1,0,0,0,-1,0
cardumen,,,/home/carol/Documents/summaries/summaries_cardumen/summaries_cardumen_3/summaries/tools/experiment-summary-bugsdotjar-cardumen-flink-31837a75-TP1-CP1-0-7b836f50e3.json,,flink,bugsdotjar,31837a75,1160,TP1,1.0,5.0,auto,1.0,"0,1",0,,,4049835d1b53,Success,True,855.0,0.517,1321043,55548,1,-1,1090,778,0,312,0
cardumen,,,/home/carol/Documents/summaries/summaries_cardumen/summaries_cardumen_3/summaries/tools/experiment-summary-bugsdotjar-cardumen-solr-a027a355-TP1-CP1-0-9b22788e20.json,,solr,bugsdotjar,a027a355,1235,TP1,1.0,20.0,auto,1.0,"0,1",0,,,207a957bc0d6,Tool returned non-zero status,False,0.0,0.001,2852,126,1,-1,0,0,0,-1,0
cardumen,,,/home/carol/Documents/summaries/summaries_cardumen/summaries_cardumen_3/summaries/tools/experiment-summary-bugsdotjar-cardumen-ambari-dba3fee7-TP1-CP1-0-fb26037e95.json,,ambari,bugsdotjar,dba3fee7,1266,TP1,1.0,20.0,auto,1.0,"0,1",0,,,d6d9150aef68,Job Timeout,,3664.0,0.001,266,84,1,-1,924,576,0,348,0
cardumen,,,/home/carol/Documents/summaries/summaries_cardumen/summaries_cardumen_3/summaries/tools/experiment-summary-bugsdotjar-cardumen-flink-42d8dde0-TP1-CP1-0-13ca819642.json,,flink,bugsdotjar,42d8dde0,1169,TP1,1.0,20.0,auto,1.0,"0,1",0,,,c373a047d86a,Job Timeout,,3840.0,0.001,266,84,1,-1,2836,1817,0,1019,0
cardumen,,,/home/carol/Documents/summaries/summaries_cardumen/summaries_cardumen_3/summaries/tools/experiment-summary-bugsdotjar-cardumen-hadoop-ad10cbd9-TP1-CP1-0-258e17b1f8.json,,hadoop,bugsdotjar,ad10cbd9,1186,TP1,1.0,20.0,auto,1.0,"0,1",0,,,36fd8ec3a735,Tool returned non-zero status,False,0.0,0.307,120045,43919,1,-1,0,0,0,-1,0
cardumen,,,/home/carol/Documents/summaries/summaries_cardumen/summaries_cardumen_3/summaries/tools/experiment-summary-bugsdotjar-cardumen-flink-1836e08f-TP1-CP1-0-c2a934235a.json,,flink,bugsdotjar,1836e08f,1159,TP1,1.0,5.0,auto,1.0,"0,1",0,,,d4cf8dea64f0,Job Timeout,,3801.0,0.001,266,84,1,-1,5614,3525,0,2089,0
cardumen,,,/home/carol/Documents/summaries/summaries_cardumen/summaries_cardumen_3/summaries/tools/experiment-summary-bugsdotjar-cardumen-ambari-27a22897-TP1-CP1-0-74b79f4d42.json,,ambari,bugsdotjar,27a22897,1249,TP1,1.0,20.0,auto,1.0,"0,1",0,,,ea85d3094414,Tool returned non-zero status,False,109.0,0.863,6019939,1361785,1,-1,0,0,0,-1,0
cardumen,,,/home/carol/Documents/summaries/summaries_cardumen/summaries_cardumen_3/summaries/tools/experiment-summary-bugsdotjar-cardumen-hadoop-a7998921-TP1-CP1-0-d1f9d38680.json,,hadoop,bugsdotjar,a7998921,1200,TP1,1.0,20.0,auto,1.0,"0,1",0,,,1555de589534,Tool returned non-zero status,False,0.0,0.043,23272,9768,1,-1,0,0,0,-1,0
cardumen,,,/home/carol/Documents/summaries/summaries_cardumen/summaries_cardumen_3/summaries/tools/experiment-summary-bugsdotjar-cardumen-nifi-3492313d-TP1-CP1-0-1b8d408953.json,,nifi,bugsdotjar,3492313d,1212,TP1,1.0,20.0,auto,1.0,"0,1",0,,,98e3c8f16c35,Tool returned non-zero status,False,51.0,0.251,4484,126,1,-1,0,0,0,-1,0
cardumen,,,/home/carol/Documents/summaries/summaries_cardumen/summaries_cardumen_3/summaries/tools/experiment-summary-bugsdotjar-cardumen-hadoop-79b12f6f-TP1-CP1-0-0aca365534.json,,hadoop,bugsdotjar,79b12f6f,1198,TP1,1.0,20.0,auto,1.0,"0,1",0,,,b6ebc7776eb0,Tool returned non-zero status,False,1.0,0.025,32150,11659,1,-1,0,0,0,-1,0
cardumen,,,/home/carol/Documents/summaries/summaries_cardumen/summaries_cardumen_3/summaries/tools/experiment-summary-bugsdotjar-cardumen-ambari-69c83419-TP1-CP1-0-cfd8e60a5d.json,,ambari,bugsdotjar,69c83419,1255,TP1,1.0,20.0,auto,1.0,"0,1",0,,,4d5c6bb7d136,Job Timeout,,3602.0,0.001,266,84,1,-1,0,0,0,-1,0
cardumen,,,/home/carol/Documents/summaries/summaries_cardumen/summaries_cardumen_3/summaries/tools/experiment-summary-bugsdotjar-cardumen-hadoop-49b4c0b3-TP1-CP1-0-948d767909.json,,hadoop,bugsdotjar,49b4c0b3,1187,TP1,1.0,20.0,auto,1.0,"0,1",0,,,f79767eafcb1,Tool returned non-zero status,False,1.0,0.276,113689,38519,1,-1,0,0,0,-1,0
cardumen,,,/home/carol/Documents/summaries/summaries_cardumen/summaries_cardumen_3/summaries/tools/experiment-summary-bugsdotjar-cardumen-hadoop-770cc144-TP1-CP1-0-cc7607d4f8.json,,hadoop,bugsdotjar,770cc144,1193,TP1,1.0,20.0,auto,1.0,"0,1",0,,,711494071b56,Tool returned non-zero status,False,1.0,0.211,33960,17369,1,-1,0,0,0,-1,0
cardumen,,,/home/carol/Documents/summaries/summaries_cardumen/summaries_cardumen_3/summaries/tools/experiment-summary-bugsdotjar-cardumen-solr-93ebd8d5-TP1-CP1-0-42b13e2468.json,,solr,bugsdotjar,93ebd8d5,1233,TP1,1.0,20.0,auto,1.0,"0,1",0,,,5ee73d2d15e3,Tool returned non-zero status,False,1.0,0.001,3232,126,1,-1,0,0,0,-1,0
cardumen,,,/home/carol/Documents/summaries/summaries_cardumen/summaries_cardumen_1/summaries/tools/experiment-summary-bugsdotjar-cardumen-ambari-27a22897-TP1-CP1-0-96534a3058.json,,ambari,bugsdotjar,27a22897,1249,TP1,1.0,20.0,auto,1.0,"0,1",0,,,e7b3a50e2528,Tool returned non-zero status,False,79.0,0.58,5111322,1436973,1,-1,0,0,0,-1,0
cardumen,,,/home/carol/Documents/summaries/summaries_cardumen/summaries_cardumen_1/summaries/tools/experiment-summary-bugsdotjar-cardumen-solr-561fddd8-TP1-CP1-0-4359785b0f.json,,solr,bugsdotjar,561fddd8,1230,TP1,1.0,20.0,auto,1.0,"0,1",0,,,00bbf3b07b08,Tool returned non-zero status,False,0.0,0.001,2852,126,1,-1,0,0,0,-1,0
cardumen,,,/home/carol/Documents/summaries/summaries_cardumen/summaries_cardumen_1/summaries/tools/experiment-summary-bugsdotjar-cardumen-hadoop-a7998921-TP1-CP1-0-2e3c58be02.json,,hadoop,bugsdotjar,a7998921,1200,TP1,1.0,20.0,auto,1.0,"0,1",0,,,1d8e8dbf381a,Tool returned non-zero status,False,1.0,0.007,23309,9858,1,-1,0,0,0,-1,0
cardumen,,,/home/carol/Documents/summaries/summaries_cardumen/summaries_cardumen_1/summaries/tools/experiment-summary-bugsdotjar-cardumen-hadoop-2b19054c-TP1-CP1-0-e45b23f4a6.json,,hadoop,bugsdotjar,2b19054c,1197,TP1,1.0,20.0,auto,1.0,"0,1",0,,,ec4e1d6d102d,Tool returned non-zero status,False,1.0,0.003,32850,12817,1,-1,0,0,0,-1,0
cardumen,,,/home/carol/Documents/summaries/summaries_cardumen/summaries_cardumen_1/summaries/tools/experiment-summary-bugsdotjar-cardumen-hadoop-905c58ed-TP1-CP1-0-26fc359b73.json,,hadoop,bugsdotjar,905c58ed,1194,TP1,1.0,20.0,auto,1.0,"0,1",0,,,6521746a7619,Tool returned non-zero status,False,1.0,0.07,34682,17435,1,-1,0,0,0,-1,0
cardumen,,,/home/carol/Documents/summaries/summaries_cardumen/summaries_cardumen_1/summaries/tools/experiment-summary-bugsdotjar-cardumen-hadoop-b4c8567e-TP1-CP1-0-7345e0437f.json,,hadoop,bugsdotjar,b4c8567e,1203,TP1,1.0,20.0,auto,1.0,"0,1",0,,,8a6de0a38489,Tool returned non-zero status,False,1.0,0.04,18575,4897,1,-1,0,0,0,-1,0
cardumen,,,/home/carol/Documents/summaries/summaries_cardumen/summaries_cardumen_1/summaries/tools/experiment-summary-bugsdotjar-cardumen-ambari-4b97eb77-TP1-CP1-0-7393aaf022.json,,ambari,bugsdotjar,4b97eb77,1250,TP1,1.0,20.0,auto,1.0,"0,1",0,,,0a5dd31bf087,Tool returned non-zero status,False,66.0,0.693,66320,22034,1,-1,0,0,0,-1,0
cardumen,,,/home/carol/Documents/summaries/summaries_cardumen/summaries_cardumen_1/summaries/tools/experiment-summary-bugsdotjar-cardumen-hadoop-a8e7f745-TP1-CP1-0-2a0d990936.json,,hadoop,bugsdotjar,a8e7f745,1202,TP1,1.0,20.0,auto,1.0,"0,1",0,,,e37e8e2e6294,Tool returned non-zero status,False,1.0,0.054,14205,2833,1,-1,0,0,0,-1,0
cardumen,,,/home/carol/Documents/summaries/summaries_cardumen/summaries_cardumen_1/summaries/tools/experiment-summary-bugsdotjar-cardumen-flink-6b892a63-TP1-CP1-0-402334bb0e.json,,flink,bugsdotjar,6b892a63,1161,TP1,1.0,15.0,auto,1.0,"0,1",0,,,18f9ad174cef,Success,True,30.0,0.35,4190,126,1,-1,0,0,0,-1,0
cardumen,,,/home/carol/Documents/summaries/summaries_cardumen/summaries_cardumen_1/summaries/tools/experiment-summary-bugsdotjar-cardumen-hadoop-d720ebc2-TP1-CP1-0-f69cb35489.json,,hadoop,bugsdotjar,d720ebc2,1199,TP1,1.0,20.0,auto,1.0,"0,1",0,,,8685144ca041,Tool returned non-zero status,False,1.0,0.008,23668,10032,1,-1,0,0,0,-1,0
cardumen,,,/home/carol/Documents/summaries/summaries_cardumen/summaries_cardumen_1/summaries/tools/experiment-summary-bugsdotjar-cardumen-solr-0baf2fa3-TP1-CP1-0-e649bc814f.json,,solr,bugsdotjar,0baf2fa3,1227,TP1,1.0,20.0,auto,1.0,"0,1",0,,,8eb9c781683f,Tool returned non-zero status,False,1.0,0.034,3096,126,1,-1,0,0,0,-1,0
cardumen,,,/home/carol/Documents/summaries/summaries_cardumen/summaries_cardumen_1/summaries/tools/experiment-summary-bugsdotjar-cardumen-flink-31837a75-TP1-CP1-0-4f7fcf7cc2.json,,flink,bugsdotjar,31837a75,1160,TP1,1.0,5.0,auto,1.0,"0,1",0,,,c5d312aac24b,Success,True,990.0,0.3,1379272,60233,1,-1,1090,778,0,312,0
cardumen,,,/home/carol/Documents/summaries/summaries_cardumen/summaries_cardumen_1/summaries/tools/experiment-summary-bugsdotjar-cardumen-hadoop-79b12f6f-TP1-CP1-0-807552e708.json,,hadoop,bugsdotjar,79b12f6f,1198,TP1,1.0,20.0,auto,1.0,"0,1",0,,,8793fd306986,Tool returned non-zero status,False,1.0,0.004,33177,13227,1,-1,0,0,0,-1,0
cardumen,,,/home/carol/Documents/summaries/summaries_cardumen/summaries_cardumen_1/summaries/tools/experiment-summary-bugsdotjar-cardumen-nifi-3492313d-TP1-CP1-0-da99b2dbff.json,,nifi,bugsdotjar,3492313d,1212,TP1,1.0,20.0,auto,1.0,"0,1",0,,,28a5a250d86c,Tool returned non-zero status,False,35.0,0.165,4064,126,1,-1,0,0,0,-1,0
cardumen,,,/home/carol/Documents/summaries/summaries_cardumen/summaries_cardumen_1/summaries/tools/experiment-summary-bugsdotjar-cardumen-nifi-10332535-TP1-CP1-0-6f9cdc1cc6.json,,nifi,bugsdotjar,10332535,1211,TP1,1.0,20.0,auto,1.0,"0,1",0,,,9ef1c21b8205,Tool returned non-zero status,False,1.0,0.081,1580167,35069,1,-1,0,0,0,-1,0
cardumen,,,/home/carol/Documents/summaries/summaries_cardumen/summaries_cardumen_1/summaries/tools/experiment-summary-bugsdotjar-cardumen-hadoop-0308423b-TP1-CP1-0-4130281e95.json,,hadoop,bugsdotjar,0308423b,1201,TP1,1.0,20.0,auto,1.0,"0,1",0,,,1fcce06f3a5e,Tool returned non-zero status,False,1.0,0.003,32517,11827,1,-1,0,0,0,-1,0
cardumen,,,/home/carol/Documents/summaries/summaries_cardumen/summaries_cardumen_1/summaries/tools/experiment-summary-bugsdotjar-cardumen-solr-3a63c58d-TP1-CP1-0-e8b9c093cf.json,,solr,bugsdotjar,3a63c58d,1229,TP1,1.0,20.0,auto,1.0,"0,1",0,,,eb6996888e70,Tool returned non-zero status,False,0.0,0.001,3427,126,1,-1,0,0,0,-1,0
cardumen,,,/home/carol/Documents/summaries/summaries_cardumen/summaries_cardumen_1/summaries/tools/experiment-summary-bugsdotjar-cardumen-hadoop-770cc144-TP1-CP1-0-3c4fb5e5db.json,,hadoop,bugsdotjar,770cc144,1193,TP1,1.0,20.0,auto,1.0,"0,1",0,,,f01ba29eb521,Tool returned non-zero status,False,1.0,0.098,34395,17381,1,-1,0,0,0,-1,0
cardumen,,,/home/carol/Documents/summaries/summaries_cardumen/summaries_cardumen_1/summaries/tools/experiment-summary-bugsdotjar-cardumen-ambari-e3d5fd61-TP1-CP1-0-d9e392f2ab.json,,ambari,bugsdotjar,e3d5fd61,1267,TP1,1.0,20.0,auto,1.0,"0,1",0,,,1486bc27b5f3,Tool returned non-zero status,False,84.0,0.686,65861,21740,1,-1,0,0,0,-1,0
cardumen,,,/home/carol/Documents/summaries/summaries_cardumen/summaries_cardumen_1/summaries/tools/experiment-summary-bugsdotjar-cardumen-ambari-a5807823-TP1-CP1-0-20f9ca0027.json,,ambari,bugsdotjar,a5807823,1260,TP1,1.0,20.0,auto,1.0,"0,1",0,,,b3cd82ff6dc9,Job Timeout,,3601.0,0.001,516,84,1,-1,0,0,0,-1,0
cardumen,,,/home/carol/Documents/summaries/summaries_cardumen/summaries_cardumen_1/summaries/tools/experiment-summary-bugsdotjar-cardumen-ambari-6fae1889-TP1-CP1-0-75f87ff8c5.json,,ambari,bugsdotjar,6fae1889,1257,TP1,1.0,20.0,auto,1.0,"0,1",0,,,3913aa954978,Tool returned non-zero status,False,8.0,0.328,1236170,261944,1,-1,0,0,0,-1,0
cardumen,,,/home/carol/Documents/summaries/summaries_cardumen/summaries_cardumen_1/summaries/tools/experiment-summary-bugsdotjar-cardumen-flink-d0fbd344-TP1-CP1-0-2f577a637a.json,,flink,bugsdotjar,d0fbd344,1164,TP1,1.0,20.0,auto,1.0,"0,1",0,,,d254bda80b3e,Success,True,31.0,0.617,4900356,154576,1,-1,0,0,0,-1,0
cardumen,,,/home/carol/Documents/summaries/summaries_cardumen/summaries_cardumen_1/summaries/tools/experiment-summary-bugsdotjar-cardumen-hadoop-513ec3de-TP1-CP1-0-d63a72913a.json,,hadoop,bugsdotjar,513ec3de,1191,TP1,1.0,20.0,auto,1.0,"0,1",0,,,6896ad7841e1,Tool returned non-zero status,False,1.0,0.004,68381,23721,1,-1,0,0,0,-1,0
cardumen,,,/home/carol/Documents/summaries/summaries_cardumen/summaries_cardumen_1/summaries/tools/experiment-summary-bugsdotjar-cardumen-solr-6d68694c-TP1-CP1-0-03066c585b.json,,solr,bugsdotjar,6d68694c,1231,TP1,1.0,20.0,auto,1.0,"0,1",0,,,fa6957095401,Tool returned non-zero status,False,0.0,0.001,3112,126,1,-1,0,0,0,-1,0
cardumen,,,/home/carol/Documents/summaries/summaries_cardumen/summaries_cardumen_1/summaries/tools/experiment-summary-bugsdotjar-cardumen-flink-9c3be7e6-TP1-CP1-0-054122a918.json,,flink,bugsdotjar,9c3be7e6,1172,TP1,1.0,20.0,auto,1.0,"0,1",0,,,766b219a28b1,Success,True,191.0,0.739,5265385,105718,1,-1,0,0,0,-1,0
cardumen,,,/home/carol/Documents/summaries/summaries_cardumen/summaries_cardumen_1/summaries/tools/experiment-summary-bugsdotjar-cardumen-nifi-4417b9d6-TP1-CP1-0-74a59308d8.json,,nifi,bugsdotjar,4417b9d6,1210,TP1,1.0,20.0,auto,1.0,"0,1",0,,,c18a7aa9b42d,Success,True,44.0,0.127,3782609,109057,1,-1,0,0,0,-1,0
cardumen,,,/home/carol/Documents/summaries/summaries_cardumen/summaries_cardumen_1/summaries/tools/experiment-summary-bugsdotjar-cardumen-hadoop-31ebccc9-TP1-CP1-0-e04542a752.json,,hadoop,bugsdotjar,31ebccc9,1188,TP1,1.0,20.0,auto,1.0,"0,1",0,,,574c6625b9ae,Tool returned non-zero status,False,0.0,0.173,137691,48321,1,-1,0,0,0,-1,0
cardumen,,,/home/carol/Documents/summaries/summaries_cardumen/summaries_cardumen_1/summaries/tools/experiment-summary-bugsdotjar-cardumen-kafka-98ea773a-TP1-CP1-0-1709944cf2.json,,kafka,bugsdotjar,98ea773a,1242,TP1,1.0,300.0,auto,1.0,"0,1",0,,,d308bbddb8df,Job Timeout,,3601.0,0.001,526,84,1,-1,0,0,0,-1,0
cardumen,,,/home/carol/Documents/summaries/summaries_cardumen/summaries_cardumen_1/summaries/tools/experiment-summary-bugsdotjar-cardumen-hbase-9c1f2dd0-TP1-CP1-0-562d20238e.json,,hbase,bugsdotjar,9c1f2dd0,1175,TP1,1.0,20.0,auto,1.0,"0,1",0,,,0f535c8f86e7,Tool returned non-zero status,False,501.0,0.444,5612,126,1,-1,0,0,0,-1,0
cardumen,,,/home/carol/Documents/summaries/summaries_cardumen/summaries_cardumen_1/summaries/tools/experiment-summary-bugsdotjar-cardumen-solr-79351129-TP1-CP1-0-f9af53ec64.json,,solr,bugsdotjar,79351129,1232,TP1,1.0,20.0,auto,1.0,"0,1",0,,,8eac1694016b,Tool returned non-zero status,False,0.0,0.001,2978,126,1,-1,0,0,0,-1,0
cardumen,,,/home/carol/Documents/summaries/summaries_cardumen/summaries_cardumen_1/summaries/tools/experiment-summary-bugsdotjar-cardumen-flink-06437970-TP1-CP1-0-13842efaf0.json,,flink,bugsdotjar,06437970,1162,TP1,1.0,20.0,auto,1.0,"0,1",0,,,45733e6ab5cc,Success,True,3251.0,1.817,8985,898,1,-1,198,122,0,76,0
cardumen,,,/home/carol/Documents/summaries/summaries_cardumen/summaries_cardumen_1/summaries/tools/experiment-summary-bugsdotjar-cardumen-kafka-be846d83-TP1-CP1-0-88d45f3176.json,,kafka,bugsdotjar,be846d83,1243,TP1,1.0,300.0,auto,1.0,"0,1",0,,,8c4d6d21f54d,Tool returned non-zero status,False,0.0,0.002,1269,84,1,-1,0,0,0,-1,0
cardumen,,,/home/carol/Documents/summaries/summaries_cardumen/summaries_cardumen_1/summaries/tools/experiment-summary-bugsdotjar-cardumen-kafka-e7663a30-TP1-CP1-0-411a53d29b.json,,,,,,,,,,,,,,,,Tool returned non-zero status,False,0.0,0.001,266,84,1,-1,-1,-1,-1,-1,0
cardumen,,,/home/carol/Documents/summaries/summaries_cardumen/summaries_cardumen_1/summaries/tools/experiment-summary-bugsdotjar-cardumen-ambari-69c83419-TP1-CP1-0-cda135e447.json,,ambari,bugsdotjar,69c83419,1255,TP1,1.0,20.0,auto,1.0,"0,1",0,,,b54d574bfc4d,Job Timeout,,3602.0,0.001,266,84,1,-1,0,0,0,-1,0
cardumen,,,/home/carol/Documents/summaries/summaries_cardumen/summaries_cardumen_1/summaries/tools/experiment-summary-bugsdotjar-cardumen-ambari-dba3fee7-TP1-CP1-0-e4333de3f4.json,,ambari,bugsdotjar,dba3fee7,1266,TP1,1.0,20.0,auto,1.0,"0,1",0,,,19f77161ccec,Job Timeout,,3634.0,0.001,266,84,1,-1,858,535,0,323,0
cardumen,,,/home/carol/Documents/summaries/summaries_cardumen/summaries_cardumen_1/summaries/tools/experiment-summary-bugsdotjar-cardumen-ambari-8782442d-TP1-CP1-0-90d795d9b5.json,,ambari,bugsdotjar,8782442d,1258,TP1,1.0,20.0,auto,1.0,"0,1",0,,,f286aaf9a174,Success,True,1526.0,0.331,36439,7732,1,-1,4672,3124,0,1548,0
cardumen,,,/home/carol/Documents/summaries/summaries_cardumen/summaries_cardumen_1/summaries/tools/experiment-summary-bugsdotjar-cardumen-flink-42d8dde0-TP1-CP1-0-9f0d3b6b62.json,,flink,bugsdotjar,42d8dde0,1169,TP1,1.0,20.0,auto,1.0,"0,1",0,,,6eee80678fed,Job Timeout,,4103.0,0.001,266,84,1,-1,2810,1792,0,1018,0
cardumen,,,/home/carol/Documents/summaries/summaries_cardumen/summaries_cardumen_1/summaries/tools/experiment-summary-bugsdotjar-cardumen-solr-93ebd8d5-TP1-CP1-0-900f884a08.json,,solr,bugsdotjar,93ebd8d5,1233,TP1,1.0,20.0,auto,1.0,"0,1",0,,,342a94169317,Tool returned non-zero status,False,1.0,0.001,3280,126,1,-1,0,0,0,-1,0
cardumen,,,/home/carol/Documents/summaries/summaries_cardumen/summaries_cardumen_1/summaries/tools/experiment-summary-bugsdotjar-cardumen-flink-2558c9ee-TP1-CP1-0-fc27a3b689.json,,flink,bugsdotjar,2558c9ee,1165,TP1,1.0,20.0,auto,1.0,"0,1",0,,,07a2859b58fd,Job Timeout,,3602.0,0.001,266,84,1,-1,0,0,0,-1,0
cardumen,,,/home/carol/Documents/summaries/summaries_cardumen/summaries_cardumen_1/summaries/tools/experiment-summary-bugsdotjar-cardumen-solr-1ce4d6b3-TP1-CP1-0-e65ff16247.json,,solr,bugsdotjar,1ce4d6b3,1228,TP1,1.0,600.0,auto,1.0,"0,1",0,,,0779e6d25a5c,Tool returned non-zero status,False,2.0,0.104,10713,3097,1,-1,0,0,0,-1,0
cardumen,,,/home/carol/Documents/summaries/summaries_cardumen/summaries_cardumen_1/summaries/tools/experiment-summary-bugsdotjar-cardumen-solr-d01c4d6a-TP1-CP1-0-7aad4c74d0.json,,solr,bugsdotjar,d01c4d6a,1237,TP1,1.0,20.0,auto,1.0,"0,1",0,,,ed5bed87da61,Tool returned non-zero status,False,1.0,0.001,3553,126,1,-1,0,0,0,-1,0
cardumen,,,/home/carol/Documents/summaries/summaries_cardumen/summaries_cardumen_1/summaries/tools/experiment-summary-bugsdotjar-cardumen-ambari-630299fb-TP1-CP1-0-61e5829c91.json,,ambari,bugsdotjar,630299fb,1252,TP1,1.0,20.0,auto,1.0,"0,1",0,,,78fa43bf19cc,Tool returned non-zero status,False,86.0,0.56,5136943,1434028,1,-1,0,0,0,-1,0
cardumen,,,/home/carol/Documents/summaries/summaries_cardumen/summaries_cardumen_1/summaries/tools/experiment-summary-bugsdotjar-cardumen-flink-91a0c8c5-TP1-CP1-0-378d2137e8.json,,flink,bugsdotjar,91a0c8c5,1166,TP1,1.0,20.0,auto,1.0,"0,1",0,,,d918a463fec6,Tool returned non-zero status,False,20.0,0.423,2684038,120321,1,-1,0,0,0,-1,0
cardumen,,,/home/carol/Documents/summaries/summaries_cardumen/summaries_cardumen_1/summaries/tools/experiment-summary-bugsdotjar-cardumen-hbase-190c253c-TP1-CP1-0-f7b5a7d9f7.json,,hbase,bugsdotjar,190c253c,1174,TP1,1.0,20.0,auto,1.0,"0,1",0,,,6392a9c0d428,Success,True,314.0,0.288,19563186,250230,1,-1,0,0,0,-1,0
cardumen,,,/home/carol/Documents/summaries/summaries_cardumen/summaries_cardumen_1/summaries/tools/experiment-summary-bugsdotjar-cardumen-ambari-f4e0f6ca-TP1-CP1-0-ecc2a9a0af.json,,ambari,bugsdotjar,f4e0f6ca,1268,TP1,1.0,20.0,auto,1.0,"0,1",0,,,b0345c27b975,Tool returned non-zero status,False,18.0,0.321,37368,12770,1,-1,0,0,0,-1,0
cardumen,,,/home/carol/Documents/summaries/summaries_cardumen/summaries_cardumen_1/summaries/tools/experiment-summary-bugsdotjar-cardumen-flink-1836e08f-TP1-CP1-0-3d343bd512.json,,flink,bugsdotjar,1836e08f,1159,TP1,1.0,5.0,auto,1.0,"0,1",0,,,b9908add7188,Job Timeout,,3723.0,0.001,558,84,1,-1,4102,2608,0,1494,0
cardumen,,,/home/carol/Documents/summaries/summaries_cardumen/summaries_cardumen_1/summaries/tools/experiment-summary-bugsdotjar-cardumen-hadoop-890a2ebd-TP1-CP1-0-e94bbc00ad.json,,hadoop,bugsdotjar,890a2ebd,1190,TP1,1.0,20.0,auto,1.0,"0,1",0,,,35f0da65f929,Tool returned non-zero status,False,0.0,0.004,47522,17689,1,-1,0,0,0,-1,0
cardumen,,,/home/carol/Documents/summaries/summaries_cardumen/summaries_cardumen_1/summaries/tools/experiment-summary-bugsdotjar-cardumen-karaf-6650922f-TP1-CP1-0-959ab459b6.json,,karaf,bugsdotjar,6650922f,1179,TP1,1.0,20.0,auto,1.0,"0,1",0,,,0813d9554452,Job Timeout,,3728.0,0.001,266,84,1,-1,2546,1588,0,958,0
cardumen,,,/home/carol/Documents/summaries/summaries_cardumen/summaries_cardumen_1/summaries/tools/experiment-summary-bugsdotjar-cardumen-ambari-58dabba1-TP1-CP1-0-04831f359b.json,,ambari,bugsdotjar,58dabba1,1251,TP1,1.0,20.0,auto,1.0,"0,1",0,,,252c8a8038ae,Job Timeout,,3821.0,0.001,266,84,1,-1,7326,4508,0,2818,0
cardumen,,,/home/carol/Documents/summaries/summaries_cardumen/summaries_cardumen_1/summaries/tools/experiment-summary-bugsdotjar-cardumen-ambari-1eba77a9-TP1-CP1-0-2b4fb181ec.json,,ambari,bugsdotjar,1eba77a9,1221,TP1,1.0,20.0,auto,1.0,"0,1",0,,,c53cfc189854,Job Timeout,,3601.0,0.001,266,84,1,-1,0,0,0,-1,0
cardumen,,,/home/carol/Documents/summaries/summaries_cardumen/summaries_cardumen_1/summaries/tools/experiment-summary-bugsdotjar-cardumen-calcite-d4d7ab99-TP1-CP1-0-abda0daf9b.json,,calcite,bugsdotjar,d4d7ab99,1240,TP1,1.0,20.0,auto,1.0,"0,1",0,,,fcb5f4d375d1,Success,True,15.0,0.06,3482,126,1,-1,0,0,0,-1,0
cardumen,,,/home/carol/Documents/summaries/summaries_cardumen/summaries_cardumen_1/summaries/tools/experiment-summary-bugsdotjar-cardumen-hbase-21cb00ee-TP1-CP1-0-81457176e6.json,,hbase,bugsdotjar,21cb00ee,1176,TP1,1.0,20.0,auto,1.0,"0,1",0,,,f8c226dff1e6,Tool returned non-zero status,False,527.0,0.475,5780,126,1,-1,0,0,0,-1,0
cardumen,,,/home/carol/Documents/summaries/summaries_cardumen/summaries_cardumen_1/summaries/tools/experiment-summary-bugsdotjar-cardumen-jackrabbit-86824f03-TP1-CP1-0-72b2760f0d.json,,jackrabbit,bugsdotjar,86824f03,1183,TP1,1.0,20.0,auto,1.0,"0,1",0,,,c811b732a919,Job Timeout,,3771.0,0.001,516,84,1,-1,4540,3501,0,1039,0
cardumen,,,/home/carol/Documents/summaries/summaries_cardumen/summaries_cardumen_1/summaries/tools/experiment-summary-bugsdotjar-cardumen-hadoop-b1e05908-TP1-CP1-0-bb43775763.json,,hadoop,bugsdotjar,b1e05908,1192,TP1,1.0,20.0,auto,1.0,"0,1",0,,,2afa15a0dbd2,Tool returned non-zero status,False,1.0,0.004,103571,39763,1,-1,0,0,0,-1,0
cardumen,,,/home/carol/Documents/summaries/summaries_cardumen/summaries_cardumen_1/summaries/tools/experiment-summary-bugsdotjar-cardumen-solr-a027a355-TP1-CP1-0-22ff7893e8.json,,solr,bugsdotjar,a027a355,1235,TP1,1.0,20.0,auto,1.0,"0,1",0,,,e9615496439e,Tool returned non-zero status,False,1.0,0.001,3232,126,1,-1,0,0,0,-1,0
cardumen,,,/home/carol/Documents/summaries/summaries_cardumen/summaries_cardumen_1/summaries/tools/experiment-summary-bugsdotjar-cardumen-hadoop-ad10cbd9-TP1-CP1-0-0fb0cff53a.json,,hadoop,bugsdotjar,ad10cbd9,1186,TP1,1.0,20.0,auto,1.0,"0,1",0,,,94468bb7a98a,Tool returned non-zero status,False,1.0,0.21,119953,45215,1,-1,0,0,0,-1,0
cardumen,,,/home/carol/Documents/summaries/summaries_cardumen/summaries_cardumen_1/summaries/tools/experiment-summary-bugsdotjar-cardumen-hadoop-a4e0ff5e-TP1-CP1-0-2017fd16df.json,,hadoop,bugsdotjar,a4e0ff5e,1195,TP1,1.0,20.0,auto,1.0,"0,1",0,,,fd93d05205a5,Tool returned non-zero status,False,2.0,0.054,13376,2599,1,-1,0,0,0,-1,0
cardumen,,,/home/carol/Documents/summaries/summaries_cardumen/summaries_cardumen_1/summaries/tools/experiment-summary-bugsdotjar-cardumen-nifi-570fc7f1-TP1-CP1-0-139bea5a85.json,,nifi,bugsdotjar,570fc7f1,1208,TP1,1.0,20.0,auto,1.0,"0,1",0,,,f838c8cd44c1,Tool returned non-zero status,False,4.0,0.082,3288039,95501,1,-1,0,0,0,-1,0
cardumen,,,/home/carol/Documents/summaries/summaries_cardumen/summaries_cardumen_1/summaries/tools/experiment-summary-bugsdotjar-cardumen-ambari-10636070-TP1-CP1-0-58137136c0.json,,ambari,bugsdotjar,10636070,1247,TP1,1.0,20.0,auto,1.0,"0,1",0,,,e744ea4057a7,Tool returned non-zero status,False,68.0,0.569,5120080,1434047,1,-1,0,0,0,-1,0
cardumen,,,/home/carol/Documents/summaries/summaries_cardumen/summaries_cardumen_1/summaries/tools/experiment-summary-bugsdotjar-cardumen-flink-e3759a5e-TP1-CP1-0-b4550d59c0.json,,flink,bugsdotjar,e3759a5e,1173,TP1,1.0,5.0,auto,1.0,"0,1",0,,,4408d644e80c,Success,True,13.0,0.304,1368714,63215,1,-1,0,0,0,-1,0
cardumen,,,/home/carol/Documents/summaries/summaries_cardumen/summaries_cardumen_1/summaries/tools/experiment-summary-bugsdotjar-cardumen-ambari-b2fae8cb-TP1-CP1-0-f725c89c60.json,,ambari,bugsdotjar,b2fae8cb,1262,TP1,1.0,20.0,auto,1.0,"0,1",0,,,2c0763201477,Success,True,636.0,0.268,5593248,833259,1,-1,4656,3108,0,1548,0
cardumen,,,/home/carol/Documents/summaries/summaries_cardumen/summaries_cardumen_1/summaries/tools/experiment-summary-bugsdotjar-cardumen-flink-2fbe562d-TP1-CP1-0-92f3ae88a4.json,,flink,bugsdotjar,2fbe562d,1163,TP1,1.0,20.0,auto,1.0,"0,1",0,,,b14a71db2cbf,Tool returned non-zero status,False,1.0,0.076,2970,126,1,-1,0,0,0,-1,0
cardumen,,,/home/carol/Documents/summaries/summaries_cardumen/summaries_cardumen_1/summaries/tools/experiment-summary-bugsdotjar-cardumen-hadoop-49b4c0b3-TP1-CP1-0-b4deda14ae.json,,hadoop,bugsdotjar,49b4c0b3,1187,TP1,1.0,20.0,auto,1.0,"0,1",0,,,0a3bd1ee7012,Tool returned non-zero status,False,1.0,0.171,114140,38423,1,-1,0,0,0,-1,0
cardumen,,,/home/carol/Documents/summaries/summaries_cardumen/summaries_cardumen_1/summaries/tools/experiment-summary-bugsdotjar-cardumen-jackrabbit-57c16ec4-TP1-CP1-0-364d185339.json,,jackrabbit,bugsdotjar,57c16ec4,1181,TP1,1.0,20.0,auto,1.0,"0,1",0,,,3877b288a5ba,Success,True,59.0,0.076,1680985,89672,1,-1,0,0,0,-1,0
cardumen,,,/home/carol/Documents/summaries/summaries_cardumen/summaries_cardumen_2/summaries/tools/experiment-summary-bugsdotjar-cardumen-hadoop-b1e05908-TP1-CP1-0-29e54db732.json,,hadoop,bugsdotjar,b1e05908,1192,TP1,1.0,20.0,auto,1.0,"0,1",0,,,38eafdcb2b00,Tool returned non-zero status,False,2.0,0.064,95309,39006,1,-1,0,0,0,-1,0
cardumen,,,/home/carol/Documents/summaries/summaries_cardumen/summaries_cardumen_2/summaries/tools/experiment-summary-bugsdotjar-cardumen-flink-06437970-TP1-CP1-0-5067b20f6f.json,,flink,bugsdotjar,06437970,1162,TP1,1.0,20.0,auto,1.0,"0,1",0,,,a107f74b65cf,Success,True,3178.0,2.107,7358,866,1,-1,212,136,0,76,0
cardumen,,,/home/carol/Documents/summaries/summaries_cardumen/summaries_cardumen_2/summaries/tools/experiment-summary-bugsdotjar-cardumen-hadoop-79b12f6f-TP1-CP1-0-9d56c6f8c8.json,,hadoop,bugsdotjar,79b12f6f,1198,TP1,1.0,20.0,auto,1.0,"0,1",0,,,9da1b2ca34d0,Tool returned non-zero status,False,1.0,0.054,32526,12025,1,-1,0,0,0,-1,0
cardumen,,,/home/carol/Documents/summaries/summaries_cardumen/summaries_cardumen_2/summaries/tools/experiment-summary-bugsdotjar-cardumen-ambari-dba3fee7-TP1-CP1-0-6f25874586.json,,ambari,bugsdotjar,dba3fee7,1266,TP1,1.0,20.0,auto,1.0,"0,1",0,,,f17bd2fd36ff,Job Timeout,,3644.0,0.001,266,84,1,-1,834,519,0,315,0
cardumen,,,/home/carol/Documents/summaries/summaries_cardumen/summaries_cardumen_2/summaries/tools/experiment-summary-bugsdotjar-cardumen-ambari-8782442d-TP1-CP1-0-212cc87f3f.json,,ambari,bugsdotjar,8782442d,1258,TP1,1.0,20.0,auto,1.0,"0,1",0,,,9d7a9dec60c7,Success,True,1289.0,0.501,39497,7906,1,-1,4672,3124,0,1548,0
cardumen,,,/home/carol/Documents/summaries/summaries_cardumen/summaries_cardumen_2/summaries/tools/experiment-summary-bugsdotjar-cardumen-ambari-69c83419-TP1-CP1-0-edd8c55a09.json,,ambari,bugsdotjar,69c83419,1255,TP1,1.0,20.0,auto,1.0,"0,1",0,,,d342d760fb7b,Job Timeout,,3602.0,0.001,266,84,1,-1,0,0,0,-1,0
cardumen,,,/home/carol/Documents/summaries/summaries_cardumen/summaries_cardumen_2/summaries/tools/experiment-summary-bugsdotjar-cardumen-kafka-be846d83-TP1-CP1-0-bbad1c5078.json,,kafka,bugsdotjar,be846d83,1243,TP1,1.0,300.0,auto,1.0,"0,1",0,,,13d10f0a61c6,Tool returned non-zero status,False,0.0,0.019,1659,126,1,-1,0,0,0,-1,0
cardumen,,,/home/carol/Documents/summaries/summaries_cardumen/summaries_cardumen_2/summaries/tools/experiment-summary-bugsdotjar-cardumen-hbase-190c253c-TP1-CP1-0-0d8f3e870b.json,,hbase,bugsdotjar,190c253c,1174,TP1,1.0,20.0,auto,1.0,"0,1",0,,,2e4c622ac475,Success,True,214.0,0.54,19561117,394046,1,-1,0,0,0,-1,0
cardumen,,,/home/carol/Documents/summaries/summaries_cardumen/summaries_cardumen_2/summaries/tools/experiment-summary-bugsdotjar-cardumen-hadoop-0308423b-TP1-CP1-0-52c1670b68.json,,hadoop,bugsdotjar,0308423b,1201,TP1,1.0,20.0,auto,1.0,"0,1",0,,,31706015f931,Tool returned non-zero status,False,1.0,0.059,32329,11917,1,-1,0,0,0,-1,0
cardumen,,,/home/carol/Documents/summaries/summaries_cardumen/summaries_cardumen_2/summaries/tools/experiment-summary-bugsdotjar-cardumen-jackrabbit-57c16ec4-TP1-CP1-0-abdcf7348e.json,,jackrabbit,bugsdotjar,57c16ec4,1181,TP1,1.0,20.0,auto,1.0,"0,1",0,,,9d0d97da91e6,Success,True,64.0,0.129,1608970,69677,1,-1,0,0,0,-1,0
cardumen,,,/home/carol/Documents/summaries/summaries_cardumen/summaries_cardumen_2/summaries/tools/experiment-summary-bugsdotjar-cardumen-hadoop-d720ebc2-TP1-CP1-0-035272495b.json,,hadoop,bugsdotjar,d720ebc2,1199,TP1,1.0,20.0,auto,1.0,"0,1",0,,,2e605b52431b,Tool returned non-zero status,False,0.0,0.086,23340,9852,1,-1,0,0,0,-1,0
cardumen,,,/home/carol/Documents/summaries/summaries_cardumen/summaries_cardumen_2/summaries/tools/experiment-summary-bugsdotjar-cardumen-hadoop-ad10cbd9-TP1-CP1-0-f0ae9b6c89.json,,hadoop,bugsdotjar,ad10cbd9,1186,TP1,1.0,20.0,auto,1.0,"0,1",0,,,c17132ac912b,Tool returned non-zero status,False,1.0,0.563,132055,42947,1,-1,0,0,0,-1,0
cardumen,,,/home/carol/Documents/summaries/summaries_cardumen/summaries_cardumen_2/summaries/tools/experiment-summary-bugsdotjar-cardumen-nifi-3492313d-TP1-CP1-0-75fe6482d1.json,,nifi,bugsdotjar,3492313d,1212,TP1,1.0,20.0,auto,1.0,"0,1",0,,,0dfb87d43a0d,Tool returned non-zero status,False,54.0,0.368,4484,126,1,-1,0,0,0,-1,0
cardumen,,,/home/carol/Documents/summaries/summaries_cardumen/summaries_cardumen_2/summaries/tools/experiment-summary-bugsdotjar-cardumen-solr-79351129-TP1-CP1-0-82ce43a2ae.json,,solr,bugsdotjar,79351129,1232,TP1,1.0,20.0,auto,1.0,"0,1",0,,,71b28cb70ca6,Tool returned non-zero status,False,0.0,0.001,4284,126,1,-1,0,0,0,-1,0
cardumen,,,/home/carol/Documents/summaries/summaries_cardumen/summaries_cardumen_2/summaries/tools/experiment-summary-bugsdotjar-cardumen-kafka-e7663a30-TP1-CP1-0-49c4966886.json,,kafka,bugsdotjar,e7663a30,1246,TP1,1.0,300.0,auto,1.0,"0,1",0,,,d3a106edadf3,Tool returned non-zero status,False,0.0,0.104,3191,126,1,-1,0,0,0,-1,0
cardumen,,,/home/carol/Documents/summaries/summaries_cardumen/summaries_cardumen_2/summaries/tools/experiment-summary-bugsdotjar-cardumen-solr-3a63c58d-TP1-CP1-0-82bfa8b9bc.json,,solr,bugsdotjar,3a63c58d,1229,TP1,1.0,20.0,auto,1.0,"0,1",0,,,9be6fb561800,Tool returned non-zero status,False,1.0,0.001,4721,126,1,-1,0,0,0,-1,0
cardumen,,,/home/carol/Documents/summaries/summaries_cardumen/summaries_cardumen_2/summaries/tools/experiment-summary-bugsdotjar-cardumen-hbase-21cb00ee-TP1-CP1-0-d1f49ce158.json,,hbase,bugsdotjar,21cb00ee,1176,TP1,1.0,20.0,auto,1.0,"0,1",0,,,87fab38ea0a1,Tool returned non-zero status,False,879.0,0.306,5779,126,1,-1,0,0,0,-1,0
cardumen,,,/home/carol/Documents/summaries/summaries_cardumen/summaries_cardumen_2/summaries/tools/experiment-summary-bugsdotjar-cardumen-ambari-10636070-TP1-CP1-0-c81c481d2d.json,,ambari,bugsdotjar,10636070,1247,TP1,1.0,20.0,auto,1.0,"0,1",0,,,547df4bfa86d,Tool returned non-zero status,False,201.0,0.922,5757041,1409176,1,-1,0,0,0,-1,0
cardumen,,,/home/carol/Documents/summaries/summaries_cardumen/summaries_cardumen_2/summaries/tools/experiment-summary-bugsdotjar-cardumen-jackrabbit-86824f03-TP1-CP1-0-be03a0ed5e.json,,jackrabbit,bugsdotjar,86824f03,1183,TP1,1.0,20.0,auto,1.0,"0,1",0,,,44fb8badf84b,Job Timeout,,3841.0,0.001,266,84,1,-1,6294,4891,0,1403,0
cardumen,,,/home/carol/Documents/summaries/summaries_cardumen/summaries_cardumen_2/summaries/tools/experiment-summary-bugsdotjar-cardumen-hadoop-890a2ebd-TP1-CP1-0-bead85da36.json,,hadoop,bugsdotjar,890a2ebd,1190,TP1,1.0,20.0,auto,1.0,"0,1",0,,,13f4331a31b2,Tool returned non-zero status,False,0.0,0.062,46760,17651,1,-1,0,0,0,-1,0
cardumen,,,/home/carol/Documents/summaries/summaries_cardumen/summaries_cardumen_2/summaries/tools/experiment-summary-bugsdotjar-cardumen-flink-6b892a63-TP1-CP1-0-90940c2c39.json,,flink,bugsdotjar,6b892a63,1161,TP1,1.0,15.0,auto,1.0,"0,1",0,,,2ccfb122457d,Success,True,35.0,0.68,4358,126,1,-1,0,0,0,-1,0
cardumen,,,/home/carol/Documents/summaries/summaries_cardumen/summaries_cardumen_2/summaries/tools/experiment-summary-bugsdotjar-cardumen-hadoop-b4c8567e-TP1-CP1-0-b6bf126f87.json,,hadoop,bugsdotjar,b4c8567e,1203,TP1,1.0,20.0,auto,1.0,"0,1",0,,,54044a29c893,Tool returned non-zero status,False,1.0,0.126,18799,4807,1,-1,0,0,0,-1,0
cardumen,,,/home/carol/Documents/summaries/summaries_cardumen/summaries_cardumen_2/summaries/tools/experiment-summary-bugsdotjar-cardumen-ambari-6fae1889-TP1-CP1-0-19c8c89d22.json,,ambari,bugsdotjar,6fae1889,1257,TP1,1.0,20.0,auto,1.0,"0,1",0,,,6838a4f437f1,Tool returned non-zero status,False,15.0,0.557,1366350,227915,1,-1,0,0,0,-1,0
cardumen,,,/home/carol/Documents/summaries/summaries_cardumen/summaries_cardumen_2/summaries/tools/experiment-summary-bugsdotjar-cardumen-hadoop-a7998921-TP1-CP1-0-c3c3c24636.json,,hadoop,bugsdotjar,a7998921,1200,TP1,1.0,20.0,auto,1.0,"0,1",0,,,ae77e575a41c,Tool returned non-zero status,False,1.0,0.085,23540,10014,1,-1,0,0,0,-1,0
cardumen,,,/home/carol/Documents/summaries/summaries_cardumen/summaries_cardumen_2/summaries/tools/experiment-summary-bugsdotjar-cardumen-flink-2fbe562d-TP1-CP1-0-b4a8a7196b.json,,flink,bugsdotjar,2fbe562d,1163,TP1,1.0,20.0,auto,1.0,"0,1",0,,,6b3a9d328bab,Tool returned non-zero status,False,0.0,0.222,46721,14202,1,-1,0,0,0,-1,0
cardumen,,,/home/carol/Documents/summaries/summaries_cardumen/summaries_cardumen_2/summaries/tools/experiment-summary-bugsdotjar-cardumen-solr-6d68694c-TP1-CP1-0-4ac19c7881.json,,solr,bugsdotjar,6d68694c,1231,TP1,1.0,20.0,auto,1.0,"0,1",0,,,33c5173341fe,Tool returned non-zero status,False,1.0,0.001,4196,126,1,-1,0,0,0,-1,0
cardumen,,,/home/carol/Documents/summaries/summaries_cardumen/summaries_cardumen_2/summaries/tools/experiment-summary-bugsdotjar-cardumen-hadoop-905c58ed-TP1-CP1-0-b40d1c9aee.json,,hadoop,bugsdotjar,905c58ed,1194,TP1,1.0,20.0,auto,1.0,"0,1",0,,,f90b9980c6a9,Tool returned non-zero status,False,1.0,0.205,34271,17687,1,-1,0,0,0,-1,0
cardumen,,,/home/carol/Documents/summaries/summaries_cardumen/summaries_cardumen_2/summaries/tools/experiment-summary-bugsdotjar-cardumen-hadoop-a8e7f745-TP1-CP1-0-b31be291e1.json,,hadoop,bugsdotjar,a8e7f745,1202,TP1,1.0,20.0,auto,1.0,"0,1",0,,,e04bd3ce6961,Tool returned non-zero status,False,1.0,0.168,14340,2809,1,-1,0,0,0,-1,0
cardumen,,,/home/carol/Documents/summaries/summaries_cardumen/summaries_cardumen_2/summaries/tools/experiment-summary-bugsdotjar-cardumen-ambari-630299fb-TP1-CP1-0-3014724d67.json,,ambari,bugsdotjar,630299fb,1252,TP1,1.0,20.0,auto,1.0,"0,1",0,,,b0a8208366c1,Tool returned non-zero status,False,174.0,0.919,5766144,1419603,1,-1,0,0,0,-1,0
cardumen,,,/home/carol/Documents/summaries/summaries_cardumen/summaries_cardumen_2/summaries/tools/experiment-summary-bugsdotjar-cardumen-solr-0baf2fa3-TP1-CP1-0-32133826b2.json,,solr,bugsdotjar,0baf2fa3,1227,TP1,1.0,20.0,auto,1.0,"0,1",0,,,f041f91c376b,Tool returned non-zero status,False,1.0,0.001,4893,126,1,-1,0,0,0,-1,0
cardumen,,,/home/carol/Documents/summaries/summaries_cardumen/summaries_cardumen_2/summaries/tools/experiment-summary-bugsdotjar-cardumen-kafka-98ea773a-TP1-CP1-0-74aff7b0fe.json,,kafka,bugsdotjar,98ea773a,1242,TP1,1.0,300.0,auto,1.0,"0,1",0,,,04d3f9482760,Job Timeout,,3601.0,0.001,266,84,1,-1,0,0,0,-1,0
cardumen,,,/home/carol/Documents/summaries/summaries_cardumen/summaries_cardumen_2/summaries/tools/experiment-summary-bugsdotjar-cardumen-solr-93ebd8d5-TP1-CP1-0-959fc349ff.json,,solr,bugsdotjar,93ebd8d5,1233,TP1,1.0,20.0,auto,1.0,"0,1",0,,,feefb9e9a9eb,Tool returned non-zero status,False,1.0,0.001,3576,126,1,-1,0,0,0,-1,0
cardumen,,,/home/carol/Documents/summaries/summaries_cardumen/summaries_cardumen_2/summaries/tools/experiment-summary-bugsdotjar-cardumen-hadoop-a4e0ff5e-TP1-CP1-0-6049ed924d.json,,hadoop,bugsdotjar,a4e0ff5e,1195,TP1,1.0,20.0,auto,1.0,"0,1",0,,,ae7af4fed7a6,Tool returned non-zero status,False,1.0,0.17,12585,2227,1,-1,0,0,0,-1,0
cardumen,,,/home/carol/Documents/summaries/summaries_cardumen/summaries_cardumen_2/summaries/tools/experiment-summary-bugsdotjar-cardumen-hadoop-770cc144-TP1-CP1-0-d82d1ac2f1.json,,hadoop,bugsdotjar,770cc144,1193,TP1,1.0,20.0,auto,1.0,"0,1",0,,,d7ad9039b63e,Tool returned non-zero status,False,1.0,0.252,34428,17591,1,-1,0,0,0,-1,0
cardumen,,,/home/carol/Documents/summaries/summaries_cardumen/summaries_cardumen_2/summaries/tools/experiment-summary-bugsdotjar-cardumen-flink-42d8dde0-TP1-CP1-0-444c2e529e.json,,flink,bugsdotjar,42d8dde0,1169,TP1,1.0,20.0,auto,1.0,"0,1",0,,,ba4dc164a004,Job Timeout,,3880.0,0.001,266,84,1,-1,2836,1818,0,1018,0
cardumen,,,/home/carol/Documents/summaries/summaries_cardumen/summaries_cardumen_2/summaries/tools/experiment-summary-bugsdotjar-cardumen-hadoop-513ec3de-TP1-CP1-0-27c7d2bf33.json,,hadoop,bugsdotjar,513ec3de,1191,TP1,1.0,20.0,auto,1.0,"0,1",0,,,1ac541a928ea,Tool returned non-zero status,False,1.0,0.065,67429,23689,1,-1,0,0,0,-1,0
cardumen,,,/home/carol/Documents/summaries/summaries_cardumen/summaries_cardumen_2/summaries/tools/experiment-summary-bugsdotjar-cardumen-flink-31837a75-TP1-CP1-0-80959f4085.json,,flink,bugsdotjar,31837a75,1160,TP1,1.0,5.0,auto,1.0,"0,1",0,,,8e7d7dadf602,Success,True,923.0,0.555,1375537,65213,1,-1,1090,778,0,312,0
cardumen,,,/home/carol/Documents/summaries/summaries_cardumen/summaries_cardumen_2/summaries/tools/experiment-summary-bugsdotjar-cardumen-solr-d01c4d6a-TP1-CP1-0-921646e558.json,,solr,bugsdotjar,d01c4d6a,1237,TP1,1.0,20.0,auto,1.0,"0,1",0,,,b1e6090c6a7d,Tool returned non-zero status,False,1.0,0.001,4679,126,1,-1,0,0,0,-1,0
cardumen,,,/home/carol/Documents/summaries/summaries_cardumen/summaries_cardumen_2/summaries/tools/experiment-summary-bugsdotjar-cardumen-flink-1836e08f-TP1-CP1-0-4e1f98412d.json,,flink,bugsdotjar,1836e08f,1159,TP1,1.0,5.0,auto,1.0,"0,1",0,,,c702806473a0,Job Timeout,,3836.0,0.001,266,84,1,-1,5684,3568,0,2116,0
cardumen,,,/home/carol/Documents/summaries/summaries_cardumen/summaries_cardumen_2/summaries/tools/experiment-summary-bugsdotjar-cardumen-ambari-27a22897-TP1-CP1-0-b56a2bd20e.json,,ambari,bugsdotjar,27a22897,1249,TP1,1.0,20.0,auto,1.0,"0,1",0,,,1a7092d9f607,Tool returned non-zero status,False,155.0,0.903,5470612,1359614,1,-1,0,0,0,-1,0
cardumen,,,/home/carol/Documents/summaries/summaries_cardumen/summaries_cardumen_2/summaries/tools/experiment-summary-bugsdotjar-cardumen-hadoop-49b4c0b3-TP1-CP1-0-8d13ae4d95.json,,hadoop,bugsdotjar,49b4c0b3,1187,TP1,1.0,20.0,auto,1.0,"0,1",0,,,c2eb3c9ac94c,Tool returned non-zero status,False,1.0,0.475,111875,36551,1,-1,0,0,0,-1,0
cardumen,,,/home/carol/Documents/summaries/summaries_cardumen/summaries_cardumen_2/summaries/tools/experiment-summary-bugsdotjar-cardumen-solr-1ce4d6b3-TP1-CP1-0-69ce7667ee.json,,solr,bugsdotjar,1ce4d6b3,1228,TP1,1.0,600.0,auto,1.0,"0,1",0,,,aceea2413e23,Tool returned non-zero status,False,0.0,0.825,48237,14017,1,-1,0,0,0,-1,0
cardumen,,,/home/carol/Documents/summaries/summaries_cardumen/summaries_cardumen_2/summaries/tools/experiment-summary-bugsdotjar-cardumen-solr-a027a355-TP1-CP1-0-8ad7e57832.json,,solr,bugsdotjar,a027a355,1235,TP1,1.0,20.0,auto,1.0,"0,1",0,,,23866f802b26,Tool returned non-zero status,False,1.0,0.001,3232,126,1,-1,0,0,0,-1,0
cardumen,,,/home/carol/Documents/summaries/summaries_cardumen/summaries_cardumen_2/summaries/tools/experiment-summary-bugsdotjar-cardumen-hbase-9c1f2dd0-TP1-CP1-0-9945e6e847.json,,hbase,bugsdotjar,9c1f2dd0,1175,TP1,1.0,20.0,auto,1.0,"0,1",0,,,7c05b885748a,Tool returned non-zero status,False,742.0,0.732,5558,126,1,-1,0,0,0,-1,0
cardumen,,,/home/carol/Documents/summaries/summaries_cardumen/summaries_cardumen_2/summaries/tools/experiment-summary-bugsdotjar-cardumen-hadoop-31ebccc9-TP1-CP1-0-ba5fa856ba.json,,hadoop,bugsdotjar,31ebccc9,1188,TP1,1.0,20.0,auto,1.0,"0,1",0,,,6f969935bfc4,Tool returned non-zero status,False,1.0,0.477,133003,44823,1,-1,0,0,0,-1,0
cardumen,,,/home/carol/Documents/summaries/summaries_cardumen/summaries_cardumen_2/summaries/tools/experiment-summary-bugsdotjar-cardumen-nifi-10332535-TP1-CP1-0-79732b237c.json,,nifi,bugsdotjar,10332535,1211,TP1,1.0,20.0,auto,1.0,"0,1",0,,,eb3ddf7be53a,Tool returned non-zero status,False,1.0,0.186,1524099,26807,1,-1,0,0,0,-1,0
cardumen,,,/home/carol/Documents/summaries/summaries_cardumen/summaries_cardumen_2/summaries/tools/experiment-summary-bugsdotjar-cardumen-flink-d0fbd344-TP1-CP1-0-de88c86b11.json,,flink,bugsdotjar,d0fbd344,1164,TP1,1.0,20.0,auto,1.0,"0,1",0,,,d365139b4aa9,Success,True,36.0,1.194,4901767,184992,1,-1,0,0,0,-1,0
cardumen,,,/home/carol/Documents/summaries/summaries_cardumen/summaries_cardumen_2/summaries/tools/experiment-summary-bugsdotjar-cardumen-ambari-58dabba1-TP1-CP1-0-eab93887b5.json,,ambari,bugsdotjar,58dabba1,1251,TP1,1.0,20.0,auto,1.0,"0,1",0,,,ccce7ef88424,Job Timeout,,3791.0,0.001,948,84,1,-1,6520,4044,0,2476,0
cardumen,,,/home/carol/Documents/summaries/summaries_cardumen/summaries_cardumen_2/summaries/tools/experiment-summary-bugsdotjar-cardumen-ambari-e3d5fd61-TP1-CP1-0-b106cf3e7b.json,,ambari,bugsdotjar,e3d5fd61,1267,TP1,1.0,20.0,auto,1.0,"0,1",0,,,8bef2f6b51d4,Tool returned non-zero status,False,153.0,0.998,75985,21200,1,-1,0,0,0,-1,0
cardumen,,,/home/carol/Documents/summaries/summaries_cardumen/summaries_cardumen_2/summaries/tools/experiment-summary-bugsdotjar-cardumen-ambari-4b97eb77-TP1-CP1-0-184be1a970.json,,ambari,bugsdotjar,4b97eb77,1250,TP1,1.0,20.0,auto,1.0,"0,1",0,,,a1dfc2be294f,Tool returned non-zero status,False,118.0,1.006,75377,20690,1,-1,0,0,0,-1,0
cardumen,,,/home/carol/Documents/summaries/summaries_cardumen/summaries_cardumen_2/summaries/tools/experiment-summary-bugsdotjar-cardumen-flink-e3759a5e-TP1-CP1-0-1fa441ef74.json,,flink,bugsdotjar,e3759a5e,1173,TP1,1.0,5.0,auto,1.0,"0,1",0,,,d605fbd4700a,Success,True,18.0,0.549,1369043,62435,1,-1,0,0,0,-1,0
cardumen,,,/home/carol/Documents/summaries/summaries_cardumen/summaries_cardumen_2/summaries/tools/experiment-summary-bugsdotjar-cardumen-hadoop-2b19054c-TP1-CP1-0-0073d45bad.json,,hadoop,bugsdotjar,2b19054c,1197,TP1,1.0,20.0,auto,1.0,"0,1",0,,,4dbba007d6c8,Tool returned non-zero status,False,1.0,0.054,32458,12259,1,-1,0,0,0,-1,0
cardumen,,,/home/carol/Documents/summaries/summaries_cardumen/summaries_cardumen_2/summaries/tools/experiment-summary-bugsdotjar-cardumen-ambari-f4e0f6ca-TP1-CP1-0-cdff37a2ac.json,,ambari,bugsdotjar,f4e0f6ca,1268,TP1,1.0,20.0,auto,1.0,"0,1",0,,,9c09e7ba1b65,Tool returned non-zero status,False,21.0,0.514,47728,12368,1,-1,0,0,0,-1,0
cardumen,,,/home/carol/Documents/summaries/summaries_cardumen/summaries_cardumen_2/summaries/tools/experiment-summary-bugsdotjar-cardumen-calcite-d4d7ab99-TP1-CP1-0-2760c3ddfa.json,,calcite,bugsdotjar,d4d7ab99,1240,TP1,1.0,20.0,auto,1.0,"0,1",0,,,40732e9165ed,Success,True,7.0,0.128,3191,126,1,-1,0,0,0,-1,0
cardumen,,,/home/carol/Documents/summaries/summaries_cardumen/summaries_cardumen_2/summaries/tools/experiment-summary-bugsdotjar-cardumen-ambari-b2fae8cb-TP1-CP1-0-e88dc08436.json,,ambari,bugsdotjar,b2fae8cb,1262,TP1,1.0,20.0,auto,1.0,"0,1",0,,,ef9764f413f0,Success,True,1271.0,0.381,5269575,738620,1,-1,4656,3108,0,1548,0
cardumen,,,/home/carol/Documents/summaries/summaries_cardumen/summaries_cardumen_2/summaries/tools/experiment-summary-bugsdotjar-cardumen-flink-2558c9ee-TP1-CP1-0-a093dc4c32.json,,flink,bugsdotjar,2558c9ee,1165,TP1,1.0,20.0,auto,1.0,"0,1",0,,,488f36707011,Job Timeout,,3602.0,0.001,266,84,1,-1,0,0,0,-1,0
cardumen,,,/home/carol/Documents/summaries/summaries_cardumen/summaries_cardumen_2/summaries/tools/experiment-summary-bugsdotjar-cardumen-flink-91a0c8c5-TP1-CP1-0-c91372a761.json,,flink,bugsdotjar,91a0c8c5,1166,TP1,1.0,20.0,auto,1.0,"0,1",0,,,b5b85517710d,Tool returned non-zero status,False,31.0,0.848,2685741,110157,1,-1,0,0,0,-1,0
cardumen,,,/home/carol/Documents/summaries/summaries_cardumen/summaries_cardumen_2/summaries/tools/experiment-summary-bugsdotjar-cardumen-nifi-570fc7f1-TP1-CP1-0-e3f8141b0c.json,,nifi,bugsdotjar,570fc7f1,1208,TP1,1.0,20.0,auto,1.0,"0,1",0,,,5339a070be36,Tool returned non-zero status,False,6.0,0.3,3154201,55985,1,-1,0,0,0,-1,0
cardumen,,,/home/carol/Documents/summaries/summaries_cardumen/summaries_cardumen_2/summaries/tools/experiment-summary-bugsdotjar-cardumen-solr-561fddd8-TP1-CP1-0-2001470d78.json,,solr,bugsdotjar,561fddd8,1230,TP1,1.0,20.0,auto,1.0,"0,1",0,,,f59a6205a734,Tool returned non-zero status,False,1.0,0.001,4312,126,1,-1,0,0,0,-1,0
cardumen,,,/home/carol/Documents/summaries/summaries_cardumen/summaries_cardumen_2/summaries/tools/experiment-summary-bugsdotjar-cardumen-nifi-4417b9d6-TP1-CP1-0-265c692bce.json,,nifi,bugsdotjar,4417b9d6,1210,TP1,1.0,20.0,auto,1.0,"0,1",0,,,9f2d00629157,Success,True,49.0,0.271,3651606,90739,1,-1,0,0,0,-1,0
cardumen,,,/home/carol/Documents/summaries/summaries_cardumen/summaries_cardumen_2/summaries/tools/experiment-summary-bugsdotjar-cardumen-flink-9c3be7e6-TP1-CP1-0-6cdfd9fd98.json,,flink,bugsdotjar,9c3be7e6,1172,TP1,1.0,20.0,auto,1.0,"0,1",0,,,ae9f25e99f97,Success,True,204.0,1.496,5261291,124302,1,-1,0,0,0,-1,0
arja,,,/home/carol/Documents/summaries/summaries_arja/summaries_arja_3/summaries/tools/experiment-summary-bugsdotjar-arja-hadoop-b4c8567e-TP1-CP1-0-13157633df.json,,hadoop,bugsdotjar,b4c8567e,1203,TP1,1.0,20.0,auto,1.0,"0,1",0,,,447f9012a8f5,Tool returned non-zero status,False,6.0,0.108,23528,7111,1,-1,0,-1,0,-1,0
arja,,,/home/carol/Documents/summaries/summaries_arja/summaries_arja_3/summaries/tools/experiment-summary-bugsdotjar-arja-nifi-3492313d-TP1-CP1-0-fc100a11bf.json,,nifi,bugsdotjar,3492313d,1212,TP1,1.0,20.0,auto,1.0,"0,1",0,,,050407ddbd7a,Job Timeout,,12518.0,0.001,2189,126,1,-1,0,-1,0,-1,0
arja,,,/home/carol/Documents/summaries/summaries_arja/summaries_arja_3/summaries/tools/experiment-summary-bugsdotjar-arja-ambari-b2fae8cb-TP1-CP1-0-ecc7a4aaf4.json,,ambari,bugsdotjar,b2fae8cb,1262,TP1,1.0,20.0,auto,1.0,"0,1",0,,,7dafa5afae14,Job Timeout,,3681.0,0.001,266,84,1,-1,42,-1,0,43,0
arja,,,/home/carol/Documents/summaries/summaries_arja/summaries_arja_3/summaries/tools/experiment-summary-bugsdotjar-arja-flink-9c3be7e6-TP1-CP1-0-44dde5ab82.json,,flink,bugsdotjar,9c3be7e6,1172,TP1,1.0,20.0,auto,1.0,"0,1",0,,,774d8f033e4f,Tool returned non-zero status,False,2205.0,1.304,9586637,248816,1,-1,0,-1,0,-1,0
arja,,,/home/carol/Documents/summaries/summaries_arja/summaries_arja_3/summaries/tools/experiment-summary-bugsdotjar-arja-nifi-570fc7f1-TP1-CP1-0-72b6c4a22e.json,,nifi,bugsdotjar,570fc7f1,1208,TP1,1.0,20.0,auto,1.0,"0,1",0,,,9c7fb2f8751e,Job Timeout,,15578.0,0.001,1990,126,1,-1,0,-1,0,-1,0
arja,,,/home/carol/Documents/summaries/summaries_arja/summaries_arja_3/summaries/tools/experiment-summary-bugsdotjar-arja-hadoop-31ebccc9-TP1-CP1-0-24068ab05c.json,,hadoop,bugsdotjar,31ebccc9,1188,TP1,1.0,20.0,auto,1.0,"0,1",0,,,b8e0c726c96b,Tool returned non-zero status,False,17.0,0.341,165317,63560,1,-1,0,-1,0,-1,0
arja,,,/home/carol/Documents/summaries/summaries_arja/summaries_arja_3/summaries/tools/experiment-summary-bugsdotjar-arja-hadoop-d720ebc2-TP1-CP1-0-0e6a31b378.json,,hadoop,bugsdotjar,d720ebc2,1199,TP1,1.0,20.0,auto,1.0,"0,1",0,,,6f9817b0f97d,Tool returned non-zero status,False,14.0,0.073,37236,19368,1,-1,0,-1,0,-1,0
arja,,,/home/carol/Documents/summaries/summaries_arja/summaries_arja_3/summaries/tools/experiment-summary-bugsdotjar-arja-flink-2558c9ee-TP1-CP1-0-f36cb784d6.json,,flink,bugsdotjar,2558c9ee,1165,TP1,1.0,20.0,auto,1.0,"0,1",0,,,2476342049fe,Job Timeout,,3715.0,0.001,266,84,1,-1,0,-1,0,-1,0
arja,,,/home/carol/Documents/summaries/summaries_arja/summaries_arja_3/summaries/tools/experiment-summary-bugsdotjar-arja-ambari-4b97eb77-TP1-CP1-0-01bbf5eb6a.json,,ambari,bugsdotjar,4b97eb77,1250,TP1,1.0,20.0,auto,1.0,"0,1",0,,,2f7f195635ef,Tool returned non-zero status,False,117.0,0.723,136767,46237,1,-1,0,-1,0,-1,0
arja,,,/home/carol/Documents/summaries/summaries_arja/summaries_arja_3/summaries/tools/experiment-summary-bugsdotjar-arja-ambari-f4e0f6ca-TP1-CP1-0-314aa19ae7.json,,ambari,bugsdotjar,f4e0f6ca,1268,TP1,1.0,20.0,auto,1.0,"0,1",0,,,610db7f2a48a,Job Timeout,,3693.0,0.001,266,84,1,-1,42,-1,0,43,0
arja,,,/home/carol/Documents/summaries/summaries_arja/summaries_arja_3/summaries/tools/experiment-summary-bugsdotjar-arja-flink-06437970-TP1-CP1-0-c6c738b927.json,,flink,bugsdotjar,06437970,1162,TP1,1.0,20.0,auto,1.0,"0,1",0,,,da763168b42f,Tool returned non-zero status,False,422.0,0.409,54106,16098,1,-1,0,-1,0,-1,0
arja,,,/home/carol/Documents/summaries/summaries_arja/summaries_arja_3/summaries/tools/experiment-summary-bugsdotjar-arja-nifi-4417b9d6-TP1-CP1-0-e16549ff9d.json,,nifi,bugsdotjar,4417b9d6,1210,TP1,1.0,20.0,auto,1.0,"0,1",0,,,e5aeb537e40f,Job Timeout,,6070.0,0.001,308,84,1,-1,1512,-1,789,724,0
arja,,,/home/carol/Documents/summaries/summaries_arja/summaries_arja_3/summaries/tools/experiment-summary-bugsdotjar-arja-ambari-6fae1889-TP1-CP1-0-9cda80349f.json,,ambari,bugsdotjar,6fae1889,1257,TP1,1.0,20.0,auto,1.0,"0,1",0,,,1725ed7f2ca0,Tool returned non-zero status,False,44.0,0.371,1297721,295218,1,-1,0,-1,0,-1,0
arja,,,/home/carol/Documents/summaries/summaries_arja/summaries_arja_3/summaries/tools/experiment-summary-bugsdotjar-arja-flink-91a0c8c5-TP1-CP1-0-31091fff52.json,,flink,bugsdotjar,91a0c8c5,1166,TP1,1.0,20.0,auto,1.0,"0,1",0,,,447e6ea5c7a5,Job Timeout,,3723.0,0.001,266,84,1,-1,0,-1,0,-1,0
arja,,,/home/carol/Documents/summaries/summaries_arja/summaries_arja_3/summaries/tools/experiment-summary-bugsdotjar-arja-solr-6d68694c-TP1-CP1-0-c5ed3cf078.json,,solr,bugsdotjar,6d68694c,1231,TP1,1.0,20.0,auto,1.0,"0,1",0,,,ac147685b923,Tool returned non-zero status,False,1.0,0.001,3149,126,1,-1,0,-1,0,-1,0
arja,,,/home/carol/Documents/summaries/summaries_arja/summaries_arja_3/summaries/tools/experiment-summary-bugsdotjar-arja-hbase-21cb00ee-TP1-CP1-0-de03523113.json,,hbase,bugsdotjar,21cb00ee,1176,TP1,1.0,20.0,auto,1.0,"0,1",0,,,55b1ff3b201c,Job Timeout,,4029.0,0.001,266,84,1,-1,0,-1,0,-1,0
arja,,,/home/carol/Documents/summaries/summaries_arja/summaries_arja_3/summaries/tools/experiment-summary-bugsdotjar-arja-nifi-10332535-TP1-CP1-0-01ca5eadea.json,,nifi,bugsdotjar,10332535,1211,TP1,1.0,20.0,auto,1.0,"0,1",0,,,8b15a34cae59,Job Timeout,,6113.0,0.001,266,84,1,-1,1857,-1,0,1858,0
arja,,,/home/carol/Documents/summaries/summaries_arja/summaries_arja_3/summaries/tools/experiment-summary-bugsdotjar-arja-flink-31837a75-TP1-CP1-0-ba5652362b.json,,flink,bugsdotjar,31837a75,1160,TP1,1.0,5.0,auto,1.0,"0,1",0,,,8c5956faea21,Job Timeout,,3683.0,0.001,266,84,1,-1,1843,-1,0,1844,0
arja,,,/home/carol/Documents/summaries/summaries_arja/summaries_arja_3/summaries/tools/experiment-summary-bugsdotjar-arja-solr-93ebd8d5-TP1-CP1-0-7d2bf2cf9a.json,,solr,bugsdotjar,93ebd8d5,1233,TP1,1.0,20.0,auto,1.0,"0,1",0,,,b0b85d4ec5db,Tool returned non-zero status,False,1.0,0.001,3096,126,1,-1,0,-1,0,-1,0
arja,,,/home/carol/Documents/summaries/summaries_arja/summaries_arja_3/summaries/tools/experiment-summary-bugsdotjar-arja-ambari-69c83419-TP1-CP1-0-99b9f6a51d.json,,ambari,bugsdotjar,69c83419,1255,TP1,1.0,20.0,auto,1.0,"0,1",0,,,a5a93a06e826,Tool returned non-zero status,False,110.0,0.718,6163075,1700793,1,-1,0,-1,0,-1,0
arja,,,/home/carol/Documents/summaries/summaries_arja/summaries_arja_3/summaries/tools/experiment-summary-bugsdotjar-arja-ambari-a5807823-TP1-CP1-0-92b4eb0f26.json,,ambari,bugsdotjar,a5807823,1260,TP1,1.0,20.0,auto,1.0,"0,1",0,,,51df1adac214,Tool returned non-zero status,False,128.0,0.609,7290126,1713939,1,-1,0,-1,0,-1,0
arja,,,/home/carol/Documents/summaries/summaries_arja/summaries_arja_3/summaries/tools/experiment-summary-bugsdotjar-arja-solr-a027a355-TP1-CP1-0-f399061bc8.json,,solr,bugsdotjar,a027a355,1235,TP1,1.0,20.0,auto,1.0,"0,1",0,,,8a394554daa6,Tool returned non-zero status,False,1.0,0.001,3054,126,1,-1,0,-1,0,-1,0
arja,,,/home/carol/Documents/summaries/summaries_arja/summaries_arja_3/summaries/tools/experiment-summary-bugsdotjar-arja-jackrabbit-57c16ec4-TP1-CP1-0-6a8c6d247d.json,,jackrabbit,bugsdotjar,57c16ec4,1181,TP1,1.0,20.0,auto,1.0,"0,1",0,,,8014705803d8,Job Timeout,,12298.0,0.001,1990,126,1,-1,0,-1,0,-1,0
arja,,,/home/carol/Documents/summaries/summaries_arja/summaries_arja_3/summaries/tools/experiment-summary-bugsdotjar-arja-hadoop-49b4c0b3-TP1-CP1-0-0d1a43d1c1.json,,hadoop,bugsdotjar,49b4c0b3,1187,TP1,1.0,20.0,auto,1.0,"0,1",0,,,6bc8c2accefd,Tool returned non-zero status,False,24.0,0.34,165683,57112,1,-1,0,-1,0,-1,0
arja,,,/home/carol/Documents/summaries/summaries_arja/summaries_arja_3/summaries/tools/experiment-summary-bugsdotjar-arja-flink-6b892a63-TP1-CP1-0-53c9ba88d2.json,,flink,bugsdotjar,6b892a63,1161,TP1,1.0,15.0,auto,1.0,"0,1",0,,,c5e2b0d579ef,Job Timeout,,11861.0,0.001,1249,126,1,-1,0,-1,0,-1,0
arja,,,/home/carol/Documents/summaries/summaries_arja/summaries_arja_3/summaries/tools/experiment-summary-bugsdotjar-arja-flink-1836e08f-TP1-CP1-0-4300c2af89.json,,flink,bugsdotjar,1836e08f,1159,TP1,1.0,5.0,auto,1.0,"0,1",0,,,c81912f6eca6,Job Timeout,,3704.0,0.001,266,84,1,-1,1583,-1,0,1584,0
arja,,,/home/carol/Documents/summaries/summaries_arja/summaries_arja_3/summaries/tools/experiment-summary-bugsdotjar-arja-ambari-e3d5fd61-TP1-CP1-0-6e8dd218dd.json,,ambari,bugsdotjar,e3d5fd61,1267,TP1,1.0,20.0,auto,1.0,"0,1",0,,,2f9043ddb818,Tool returned non-zero status,False,97.0,0.754,125214,46433,1,-1,0,-1,0,-1,0
arja,,,/home/carol/Documents/summaries/summaries_arja/summaries_arja_3/summaries/tools/experiment-summary-bugsdotjar-arja-ambari-dba3fee7-TP1-CP1-0-24c312fe26.json,,ambari,bugsdotjar,dba3fee7,1266,TP1,1.0,20.0,auto,1.0,"0,1",0,,,935101f44d9f,Job Timeout,,3705.0,0.001,266,84,1,-1,463,-1,0,464,0
arja,,,/home/carol/Documents/summaries/summaries_arja/summaries_arja_3/summaries/tools/experiment-summary-bugsdotjar-arja-kafka-be846d83-TP1-CP1-0-6b94d6494d.json,,kafka,bugsdotjar,be846d83,1243,TP1,1.0,300.0,auto,1.0,"0,1",0,,,0b641e5ce0e0,Tool returned non-zero status,False,1.0,0.001,1480,126,1,-1,0,-1,0,-1,0
arja,,,/home/carol/Documents/summaries/summaries_arja/summaries_arja_3/summaries/tools/experiment-summary-bugsdotjar-arja-kafka-98ea773a-TP1-CP1-0-d53051dac0.json,,kafka,bugsdotjar,98ea773a,1242,TP1,1.0,300.0,auto,1.0,"0,1",0,,,df37b45e969f,Tool returned non-zero status,False,42.0,0.23,3482,126,1,-1,0,-1,0,-1,0
arja,,,/home/carol/Documents/summaries/summaries_arja/summaries_arja_3/summaries/tools/experiment-summary-bugsdotjar-arja-hadoop-b1e05908-TP1-CP1-0-7ea80cd1cd.json,,hadoop,bugsdotjar,b1e05908,1192,TP1,1.0,20.0,auto,1.0,"0,1",0,,,208c1190b463,Tool returned non-zero status,False,10.0,0.054,97055,39662,1,-1,0,-1,0,-1,0
arja,,,/home/carol/Documents/summaries/summaries_arja/summaries_arja_3/summaries/tools/experiment-summary-bugsdotjar-arja-jackrabbit-86824f03-TP1-CP1-0-7be5871e5c.json,,jackrabbit,bugsdotjar,86824f03,1183,TP1,1.0,20.0,auto,1.0,"0,1",0,,,2b9b3949d7e0,Job Timeout,,3692.0,0.001,266,84,1,-1,8927,-1,0,8928,0
arja,,,/home/carol/Documents/summaries/summaries_arja/summaries_arja_3/summaries/tools/experiment-summary-bugsdotjar-arja-hadoop-770cc144-TP1-CP1-0-e2551604f5.json,,hadoop,bugsdotjar,770cc144,1193,TP1,1.0,20.0,auto,1.0,"0,1",0,,,b3f5eba165fa,Tool returned non-zero status,False,19.0,0.234,45760,25169,1,-1,0,-1,0,-1,0
arja,,,/home/carol/Documents/summaries/summaries_arja/summaries_arja_3/summaries/tools/experiment-summary-bugsdotjar-arja-hbase-190c253c-TP1-CP1-0-d782b5fc94.json,,hbase,bugsdotjar,190c253c,1174,TP1,1.0,20.0,auto,1.0,"0,1",0,,,caacd5aa3dc6,Job Timeout,,3761.0,0.001,266,84,1,-1,1819,-1,0,1820,0
arja,,,/home/carol/Documents/summaries/summaries_arja/summaries_arja_3/summaries/tools/experiment-summary-bugsdotjar-arja-hadoop-513ec3de-TP1-CP1-0-0e31833290.json,,hadoop,bugsdotjar,513ec3de,1191,TP1,1.0,20.0,auto,1.0,"0,1",0,,,340aa755a1ff,Tool returned non-zero status,False,9.0,0.056,68681,24025,1,-1,0,-1,0,-1,0
arja,,,/home/carol/Documents/summaries/summaries_arja/summaries_arja_3/summaries/tools/experiment-summary-bugsdotjar-arja-hadoop-ad10cbd9-TP1-CP1-0-4e9056bf1a.json,,hadoop,bugsdotjar,ad10cbd9,1186,TP1,1.0,20.0,auto,1.0,"0,1",0,,,dabac7138515,Tool returned non-zero status,False,56.0,0.347,183984,63088,1,-1,0,-1,0,-1,0
arja,,,/home/carol/Documents/summaries/summaries_arja/summaries_arja_3/summaries/tools/experiment-summary-bugsdotjar-arja-flink-e3759a5e-TP1-CP1-0-dae78b0a47.json,,flink,bugsdotjar,e3759a5e,1173,TP1,1.0,5.0,auto,1.0,"0,1",0,,,eb55ea248e37,Job Timeout,,3697.0,0.001,266,84,1,-1,4542,-1,0,4543,0
arja,,,/home/carol/Documents/summaries/summaries_arja/summaries_arja_3/summaries/tools/experiment-summary-bugsdotjar-arja-hadoop-79b12f6f-TP1-CP1-0-e9a7414521.json,,hadoop,bugsdotjar,79b12f6f,1198,TP1,1.0,20.0,auto,1.0,"0,1",0,,,35700c30949f,Tool returned non-zero status,False,12.0,0.047,32986,12547,1,-1,0,-1,0,-1,0
arja,,,/home/carol/Documents/summaries/summaries_arja/summaries_arja_3/summaries/tools/experiment-summary-bugsdotjar-arja-ambari-630299fb-TP1-CP1-0-5fe3b6301e.json,,ambari,bugsdotjar,630299fb,1252,TP1,1.0,20.0,auto,1.0,"0,1",0,,,d73b2c5d0cf3,Tool returned non-zero status,False,87.0,0.674,5768358,1615451,1,-1,0,-1,0,-1,0
arja,,,/home/carol/Documents/summaries/summaries_arja/summaries_arja_3/summaries/tools/experiment-summary-bugsdotjar-arja-solr-79351129-TP1-CP1-0-37ec268520.json,,solr,bugsdotjar,79351129,1232,TP1,1.0,20.0,auto,1.0,"0,1",0,,,8e330bfb815c,Tool returned non-zero status,False,3.0,0.001,3810,126,1,-1,0,-1,0,-1,0
arja,,,/home/carol/Documents/summaries/summaries_arja/summaries_arja_3/summaries/tools/experiment-summary-bugsdotjar-arja-hadoop-905c58ed-TP1-CP1-0-00db22095a.json,,hadoop,bugsdotjar,905c58ed,1194,TP1,1.0,20.0,auto,1.0,"0,1",0,,,f5f90e2aa993,Tool returned non-zero status,False,13.0,0.187,48195,26963,1,-1,0,-1,0,-1,0
arja,,,/home/carol/Documents/summaries/summaries_arja/summaries_arja_3/summaries/tools/experiment-summary-bugsdotjar-arja-ambari-27a22897-TP1-CP1-0-8ccb33efbe.json,,ambari,bugsdotjar,27a22897,1249,TP1,1.0,20.0,auto,1.0,"0,1",0,,,9c5d8fd0b8d3,Tool returned non-zero status,False,135.0,0.687,5674265,1622542,1,-1,0,-1,0,-1,0
arja,,,/home/carol/Documents/summaries/summaries_arja/summaries_arja_3/summaries/tools/experiment-summary-bugsdotjar-arja-kafka-e7663a30-TP1-CP1-0-7607236a6a.json,,kafka,bugsdotjar,e7663a30,1246,TP1,1.0,300.0,auto,1.0,"0,1",0,,,f603bf5d1218,Tool returned non-zero status,False,18.0,0.098,3191,126,1,-1,0,-1,0,-1,0
arja,,,/home/carol/Documents/summaries/summaries_arja/summaries_arja_3/summaries/tools/experiment-summary-bugsdotjar-arja-hadoop-0308423b-TP1-CP1-0-009624b8de.json,,hadoop,bugsdotjar,0308423b,1201,TP1,1.0,20.0,auto,1.0,"0,1",0,,,20a6a00f97b2,Tool returned non-zero status,False,7.0,0.049,32863,12255,1,-1,0,-1,0,-1,0
arja,,,/home/carol/Documents/summaries/summaries_arja/summaries_arja_3/summaries/tools/experiment-summary-bugsdotjar-arja-calcite-d4d7ab99-TP1-CP1-0-a16555c15a.json,,calcite,bugsdotjar,d4d7ab99,1240,TP1,1.0,20.0,auto,1.0,"0,1",0,,,be9707a81d61,Job Timeout,,3611.0,0.001,266,84,1,-1,3280,-1,0,3281,0
arja,,,/home/carol/Documents/summaries/summaries_arja/summaries_arja_3/summaries/tools/experiment-summary-bugsdotjar-arja-ambari-8782442d-TP1-CP1-0-958304e0cc.json,,ambari,bugsdotjar,8782442d,1258,TP1,1.0,20.0,auto,1.0,"0,1",0,,,4b6c559433bf,Job Timeout,,3718.0,0.001,516,84,1,-1,60,-1,0,61,0
arja,,,/home/carol/Documents/summaries/summaries_arja/summaries_arja_3/summaries/tools/experiment-summary-bugsdotjar-arja-hadoop-890a2ebd-TP1-CP1-0-95403ead25.json,,hadoop,bugsdotjar,890a2ebd,1190,TP1,1.0,20.0,auto,1.0,"0,1",0,,,cd87917b3c8c,Tool returned non-zero status,False,10.0,0.055,47689,18259,1,-1,0,-1,0,-1,0
arja,,,/home/carol/Documents/summaries/summaries_arja/summaries_arja_3/summaries/tools/experiment-summary-bugsdotjar-arja-hadoop-a7998921-TP1-CP1-0-595ffa2802.json,,hadoop,bugsdotjar,a7998921,1200,TP1,1.0,20.0,auto,1.0,"0,1",0,,,c5a021d8f241,Tool returned non-zero status,False,15.0,0.072,37576,19710,1,-1,0,-1,0,-1,0
arja,,,/home/carol/Documents/summaries/summaries_arja/summaries_arja_3/summaries/tools/experiment-summary-bugsdotjar-arja-solr-0baf2fa3-TP1-CP1-0-4ce5920dcd.json,,solr,bugsdotjar,0baf2fa3,1227,TP1,1.0,20.0,auto,1.0,"0,1",0,,,30c89afe0c82,Tool returned non-zero status,False,3.0,0.002,4721,126,1,-1,0,-1,0,-1,0
arja,,,/home/carol/Documents/summaries/summaries_arja/summaries_arja_3/summaries/tools/experiment-summary-bugsdotjar-arja-solr-1ce4d6b3-TP1-CP1-0-fba5aa07c6.json,,solr,bugsdotjar,1ce4d6b3,1228,TP1,1.0,600.0,auto,1.0,"0,1",0,,,451cae67bea7,Tool returned non-zero status,False,67.0,0.73,49065,14543,1,-1,0,-1,0,-1,0
arja,,,/home/carol/Documents/summaries/summaries_arja/summaries_arja_3/summaries/tools/experiment-summary-bugsdotjar-arja-flink-d0fbd344-TP1-CP1-0-3561e52ca8.json,,flink,bugsdotjar,d0fbd344,1164,TP1,1.0,20.0,auto,1.0,"0,1",0,,,81ca4f297d5e,Job Timeout,,3760.0,0.001,266,84,1,-1,49,-1,0,50,0
arja,,,/home/carol/Documents/summaries/summaries_arja/summaries_arja_3/summaries/tools/experiment-summary-bugsdotjar-arja-hadoop-2b19054c-TP1-CP1-0-d5c0cc3440.json,,hadoop,bugsdotjar,2b19054c,1197,TP1,1.0,20.0,auto,1.0,"0,1",0,,,612ee84dfb46,Tool returned non-zero status,False,12.0,0.047,32986,12085,1,-1,0,-1,0,-1,0
arja,,,/home/carol/Documents/summaries/summaries_arja/summaries_arja_3/summaries/tools/experiment-summary-bugsdotjar-arja-solr-3a63c58d-TP1-CP1-0-7e7d9407b4.json,,solr,bugsdotjar,3a63c58d,1229,TP1,1.0,20.0,auto,1.0,"0,1",0,,,2a1eb0562f51,Tool returned non-zero status,False,4.0,0.003,4306,126,1,-1,0,-1,0,-1,0
arja,,,/home/carol/Documents/summaries/summaries_arja/summaries_arja_3/summaries/tools/experiment-summary-bugsdotjar-arja-solr-d01c4d6a-TP1-CP1-0-f07798f618.json,,solr,bugsdotjar,d01c4d6a,1237,TP1,1.0,20.0,auto,1.0,"0,1",0,,,5ba6266a1fcd,Tool returned non-zero status,False,3.0,0.003,3897,126,1,-1,0,-1,0,-1,0
arja,,,/home/carol/Documents/summaries/summaries_arja/summaries_arja_3/summaries/tools/experiment-summary-bugsdotjar-arja-karaf-6650922f-TP1-CP1-0-9bc02e7292.json,,karaf,bugsdotjar,6650922f,1179,TP1,1.0,20.0,auto,1.0,"0,1",0,,,ca8efceb22e3,Job Timeout,,3631.0,0.001,266,84,1,-1,10836,-1,0,10837,0
arja,,,/home/carol/Documents/summaries/summaries_arja/summaries_arja_3/summaries/tools/experiment-summary-bugsdotjar-arja-hadoop-a8e7f745-TP1-CP1-0-7c3226bb42.json,,hadoop,bugsdotjar,a8e7f745,1202,TP1,1.0,20.0,auto,1.0,"0,1",0,,,f543bbb8e5be,Tool returned non-zero status,False,11.0,0.14,26452,8062,1,-1,0,-1,0,-1,0
arja,,,/home/carol/Documents/summaries/summaries_arja/summaries_arja_3/summaries/tools/experiment-summary-bugsdotjar-arja-ambari-10636070-TP1-CP1-0-be0ac33483.json,,ambari,bugsdotjar,10636070,1247,TP1,1.0,20.0,auto,1.0,"0,1",0,,,29ca7af98f5e,Tool returned non-zero status,False,102.0,0.663,5726476,1599351,1,-1,0,-1,0,-1,0
arja,,,/home/carol/Documents/summaries/summaries_arja/summaries_arja_3/summaries/tools/experiment-summary-bugsdotjar-arja-flink-42d8dde0-TP1-CP1-0-c2e2994319.json,,flink,bugsdotjar,42d8dde0,1169,TP1,1.0,20.0,auto,1.0,"0,1",0,,,90332c2b95ff,Job Timeout,,3721.0,0.001,266,84,1,-1,870,-1,0,871,0
arja,,,/home/carol/Documents/summaries/summaries_arja/summaries_arja_3/summaries/tools/experiment-summary-bugsdotjar-arja-solr-561fddd8-TP1-CP1-0-80f27af721.json,,solr,bugsdotjar,561fddd8,1230,TP1,1.0,20.0,auto,1.0,"0,1",0,,,bdadb9f6c60f,Tool returned non-zero status,False,2.0,0.001,3553,126,1,-1,0,-1,0,-1,0
arja,,,/home/carol/Documents/summaries/summaries_arja/summaries_arja_3/summaries/tools/experiment-summary-bugsdotjar-arja-hbase-9c1f2dd0-TP1-CP1-0-1c35664c76.json,,hbase,bugsdotjar,9c1f2dd0,1175,TP1,1.0,20.0,auto,1.0,"0,1",0,,,c25cc6235b8f,Job Timeout,,3832.0,0.001,266,84,1,-1,0,-1,0,-1,0
arja,,,/home/carol/Documents/summaries/summaries_arja/summaries_arja_3/summaries/tools/experiment-summary-bugsdotjar-arja-ambari-1eba77a9-TP1-CP1-0-52bd49efd8.json,,ambari,bugsdotjar,1eba77a9,1221,TP1,1.0,20.0,auto,1.0,"0,1",0,,,a5d474d8ef8d,Tool returned non-zero status,False,116.0,0.635,6480029,1547593,1,-1,0,-1,0,-1,0
arja,,,/home/carol/Documents/summaries/summaries_arja/summaries_arja_3/summaries/tools/experiment-summary-bugsdotjar-arja-ambari-58dabba1-TP1-CP1-0-cab40c896a.json,,ambari,bugsdotjar,58dabba1,1251,TP1,1.0,20.0,auto,1.0,"0,1",0,,,e1c4a6d99512,Job Timeout,,3672.0,0.001,266,84,1,-1,273,-1,0,274,0
arja,,,/home/carol/Documents/summaries/summaries_arja/summaries_arja_3/summaries/tools/experiment-summary-bugsdotjar-arja-hadoop-a4e0ff5e-TP1-CP1-0-d6d79fa7aa.json,,hadoop,bugsdotjar,a4e0ff5e,1195,TP1,1.0,20.0,auto,1.0,"0,1",0,,,bf78713cf953,Tool returned non-zero status,False,17.0,0.156,20856,8002,1,-1,0,-1,0,-1,0
arja,,,/home/carol/Documents/summaries/summaries_arja/summaries_arja_3/summaries/tools/experiment-summary-bugsdotjar-arja-flink-2fbe562d-TP1-CP1-0-c48d8b5460.json,,flink,bugsdotjar,2fbe562d,1163,TP1,1.0,20.0,auto,1.0,"0,1",0,,,760764af3ec8,Tool returned non-zero status,False,17.0,0.095,53606,16161,1,-1,0,-1,0,-1,0
arja,,,/home/carol/Documents/summaries/summaries_arja/summaries_arja_1/summaries/tools/experiment-summary-bugsdotjar-arja-hadoop-ad10cbd9-TP1-CP1-0-6b9945ade4.json,,hadoop,bugsdotjar,ad10cbd9,1186,TP1,1.0,20.0,auto,1.0,"0,1",0,,,1f2f4a354b7a,Tool returned non-zero status,False,59.0,0.213,188796,66706,1,-1,0,-1,0,-1,0
arja,,,/home/carol/Documents/summaries/summaries_arja/summaries_arja_1/summaries/tools/experiment-summary-bugsdotjar-arja-solr-0baf2fa3-TP1-CP1-0-bb863515c0.json,,solr,bugsdotjar,0baf2fa3,1227,TP1,1.0,20.0,auto,1.0,"0,1",0,,,d13bfa96c6af,Tool returned non-zero status,False,2.0,0.006,3012,126,1,-1,0,-1,0,-1,0
arja,,,/home/carol/Documents/summaries/summaries_arja/summaries_arja_1/summaries/tools/experiment-summary-bugsdotjar-arja-ambari-58dabba1-TP1-CP1-0-2261379de3.json,,ambari,bugsdotjar,58dabba1,1251,TP1,1.0,20.0,auto,1.0,"0,1",0,,,f38a569e5f7f,Job Timeout,,3757.0,0.001,266,84,1,-1,84,-1,0,85,0
arja,,,/home/carol/Documents/summaries/summaries_arja/summaries_arja_1/summaries/tools/experiment-summary-bugsdotjar-arja-flink-2fbe562d-TP1-CP1-0-396931bf6f.json,,flink,bugsdotjar,2fbe562d,1163,TP1,1.0,20.0,auto,1.0,"0,1",0,,,f26bbf46c422,Tool returned non-zero status,False,19.0,0.116,53414,16197,1,-1,0,-1,0,-1,0
arja,,,/home/carol/Documents/summaries/summaries_arja/summaries_arja_1/summaries/tools/experiment-summary-bugsdotjar-arja-nifi-4417b9d6-TP1-CP1-0-970ce4341f.json,,nifi,bugsdotjar,4417b9d6,1210,TP1,1.0,20.0,auto,1.0,"0,1",0,,,2706179db498,Job Timeout,,3703.0,0.001,266,84,1,-1,1019,-1,538,482,0
arja,,,/home/carol/Documents/summaries/summaries_arja/summaries_arja_1/summaries/tools/experiment-summary-bugsdotjar-arja-hadoop-770cc144-TP1-CP1-0-8b869ea9fd.json,,hadoop,bugsdotjar,770cc144,1193,TP1,1.0,20.0,auto,1.0,"0,1",0,,,8dc9083d4701,Tool returned non-zero status,False,24.0,0.1,45952,25277,1,-1,0,-1,0,-1,0
arja,,,/home/carol/Documents/summaries/summaries_arja/summaries_arja_1/summaries/tools/experiment-summary-bugsdotjar-arja-nifi-570fc7f1-TP1-CP1-0-b879b7eb15.json,,nifi,bugsdotjar,570fc7f1,1208,TP1,1.0,20.0,auto,1.0,"0,1",0,,,f155893e1d9e,Job Timeout,,13446.0,0.001,2189,126,1,-1,0,-1,0,-1,0
arja,,,/home/carol/Documents/summaries/summaries_arja/summaries_arja_1/summaries/tools/experiment-summary-bugsdotjar-arja-hadoop-2b19054c-TP1-CP1-0-83e34766d7.json,,hadoop,bugsdotjar,2b19054c,1197,TP1,1.0,20.0,auto,1.0,"0,1",0,,,6def37c13d08,Tool returned non-zero status,False,11.0,0.003,33456,12547,1,-1,0,-1,0,-1,0
arja,,,/home/carol/Documents/summaries/summaries_arja/summaries_arja_1/summaries/tools/experiment-summary-bugsdotjar-arja-flink-06437970-TP1-CP1-0-e58bb23511.json,,flink,bugsdotjar,06437970,1162,TP1,1.0,20.0,auto,1.0,"0,1",0,,,0f85c116fdf9,Tool returned non-zero status,False,341.0,0.274,54044,16164,1,-1,0,-1,0,-1,0
arja,,,/home/carol/Documents/summaries/summaries_arja/summaries_arja_1/summaries/tools/experiment-summary-bugsdotjar-arja-nifi-10332535-TP1-CP1-0-aff8bb280e.json,,nifi,bugsdotjar,10332535,1211,TP1,1.0,20.0,auto,1.0,"0,1",0,,,28a323361d4b,Job Timeout,,3725.0,0.001,308,84,1,-1,1515,-1,0,1516,0
arja,,,/home/carol/Documents/summaries/summaries_arja/summaries_arja_1/summaries/tools/experiment-summary-bugsdotjar-arja-nifi-3492313d-TP1-CP1-0-d74037a494.json,,nifi,bugsdotjar,3492313d,1212,TP1,1.0,20.0,auto,1.0,"0,1",0,,,14d0905cfbaf,Job Timeout,,12895.0,0.001,1269,84,1,-1,0,-1,0,-1,0
arja,,,/home/carol/Documents/summaries/summaries_arja/summaries_arja_1/summaries/tools/experiment-summary-bugsdotjar-arja-jackrabbit-86824f03-TP1-CP1-0-917eb13bfb.json,,jackrabbit,bugsdotjar,86824f03,1183,TP1,1.0,20.0,auto,1.0,"0,1",0,,,bb2152013552,Job Timeout,,3693.0,0.001,266,84,1,-1,7972,-1,0,7973,0
arja,,,/home/carol/Documents/summaries/summaries_arja/summaries_arja_1/summaries/tools/experiment-summary-bugsdotjar-arja-hadoop-513ec3de-TP1-CP1-0-7af4ffa765.json,,hadoop,bugsdotjar,513ec3de,1191,TP1,1.0,20.0,auto,1.0,"0,1",0,,,e9eab3b344d3,Tool returned non-zero status,False,15.0,0.007,69081,24655,1,-1,0,-1,0,-1,0
arja,,,/home/carol/Documents/summaries/summaries_arja/summaries_arja_1/summaries/tools/experiment-summary-bugsdotjar-arja-flink-6b892a63-TP1-CP1-0-28edb52f6f.json,,flink,bugsdotjar,6b892a63,1161,TP1,1.0,15.0,auto,1.0,"0,1",0,,,96ab9cb26f11,Job Timeout,,12521.0,0.001,1269,126,1,-1,0,-1,0,-1,0
arja,,,/home/carol/Documents/summaries/summaries_arja/summaries_arja_1/summaries/tools/experiment-summary-bugsdotjar-arja-ambari-27a22897-TP1-CP1-0-734d41f958.json,,ambari,bugsdotjar,27a22897,1249,TP1,1.0,20.0,auto,1.0,"0,1",0,,,14e61ce888d6,Tool returned non-zero status,False,297.0,0.579,6908920,1666246,1,-1,0,-1,0,-1,0
arja,,,/home/carol/Documents/summaries/summaries_arja/summaries_arja_1/summaries/tools/experiment-summary-bugsdotjar-arja-ambari-8782442d-TP1-CP1-0-43d281e095.json,,ambari,bugsdotjar,8782442d,1258,TP1,1.0,20.0,auto,1.0,"0,1",0,,,6280120ad4b2,Job Timeout,,3764.0,0.001,266,84,1,-1,3,-1,0,4,0
arja,,,/home/carol/Documents/summaries/summaries_arja/summaries_arja_1/summaries/tools/experiment-summary-bugsdotjar-arja-hadoop-a8e7f745-TP1-CP1-0-8b3d35280d.json,,hadoop,bugsdotjar,a8e7f745,1202,TP1,1.0,20.0,auto,1.0,"0,1",0,,,43601f18e3c3,Tool returned non-zero status,False,10.0,0.056,26452,7798,1,-1,0,-1,0,-1,0
arja,,,/home/carol/Documents/summaries/summaries_arja/summaries_arja_1/summaries/tools/experiment-summary-bugsdotjar-arja-solr-561fddd8-TP1-CP1-0-bba3db5290.json,,solr,bugsdotjar,561fddd8,1230,TP1,1.0,20.0,auto,1.0,"0,1",0,,,c4188ea888ef,Tool returned non-zero status,False,1.0,0.001,2852,126,1,-1,0,-1,0,-1,0
arja,,,/home/carol/Documents/summaries/summaries_arja/summaries_arja_1/summaries/tools/experiment-summary-bugsdotjar-arja-solr-3a63c58d-TP1-CP1-0-da720e553d.json,,solr,bugsdotjar,3a63c58d,1229,TP1,1.0,20.0,auto,1.0,"0,1",0,,,01b130bbdc0c,Tool returned non-zero status,False,4.0,0.034,4559,126,1,-1,0,-1,0,-1,0
arja,,,/home/carol/Documents/summaries/summaries_arja/summaries_arja_1/summaries/tools/experiment-summary-bugsdotjar-arja-ambari-10636070-TP1-CP1-0-418c594069.json,,ambari,bugsdotjar,10636070,1247,TP1,1.0,20.0,auto,1.0,"0,1",0,,,32d6993e8883,Tool returned non-zero status,False,117.0,0.417,6935880,1650991,1,-1,0,-1,0,-1,0
arja,,,/home/carol/Documents/summaries/summaries_arja/summaries_arja_1/summaries/tools/experiment-summary-bugsdotjar-arja-solr-a027a355-TP1-CP1-0-949056f73e.json,,solr,bugsdotjar,a027a355,1235,TP1,1.0,20.0,auto,1.0,"0,1",0,,,26d2f07b03ac,Tool returned non-zero status,False,2.0,0.001,3112,126,1,-1,0,-1,0,-1,0
arja,,,/home/carol/Documents/summaries/summaries_arja/summaries_arja_1/summaries/tools/experiment-summary-bugsdotjar-arja-solr-d01c4d6a-TP1-CP1-0-043b59921a.json,,solr,bugsdotjar,d01c4d6a,1237,TP1,1.0,20.0,auto,1.0,"0,1",0,,,dc725814f6ba,Tool returned non-zero status,False,2.0,0.004,1951,126,1,-1,0,-1,0,-1,0
arja,,,/home/carol/Documents/summaries/summaries_arja/summaries_arja_1/summaries/tools/experiment-summary-bugsdotjar-arja-calcite-d4d7ab99-TP1-CP1-0-fdc80078cd.json,,calcite,bugsdotjar,d4d7ab99,1240,TP1,1.0,20.0,auto,1.0,"0,1",0,,,8cacebfd1eae,Job Timeout,,3617.0,0.001,266,84,1,-1,3175,-1,0,3176,0
arja,,,/home/carol/Documents/summaries/summaries_arja/summaries_arja_1/summaries/tools/experiment-summary-bugsdotjar-arja-hbase-190c253c-TP1-CP1-0-494e747a8a.json,,hbase,bugsdotjar,190c253c,1174,TP1,1.0,20.0,auto,1.0,"0,1",0,,,e0563944dd23,Job Timeout,,3808.0,0.001,266,84,1,-1,1285,-1,0,1286,0
arja,,,/home/carol/Documents/summaries/summaries_arja/summaries_arja_1/summaries/tools/experiment-summary-bugsdotjar-arja-hadoop-49b4c0b3-TP1-CP1-0-707407e49a.json,,hadoop,bugsdotjar,49b4c0b3,1187,TP1,1.0,20.0,auto,1.0,"0,1",0,,,274cc155aec6,Tool returned non-zero status,False,56.0,0.173,166306,57904,1,-1,0,-1,0,-1,0
arja,,,/home/carol/Documents/summaries/summaries_arja/summaries_arja_1/summaries/tools/experiment-summary-bugsdotjar-arja-hadoop-0308423b-TP1-CP1-0-ec52fbc835.json,,hadoop,bugsdotjar,0308423b,1201,TP1,1.0,20.0,auto,1.0,"0,1",0,,,39387fd553f3,Tool returned non-zero status,False,13.0,0.005,33254,12607,1,-1,0,-1,0,-1,0
arja,,,/home/carol/Documents/summaries/summaries_arja/summaries_arja_1/summaries/tools/experiment-summary-bugsdotjar-arja-kafka-e7663a30-TP1-CP1-0-a127a24646.json,,kafka,bugsdotjar,e7663a30,1246,TP1,1.0,300.0,auto,1.0,"0,1",0,,,791cd471f4df,Tool returned non-zero status,False,21.0,0.019,3191,126,1,-1,0,-1,0,-1,0
arja,,,/home/carol/Documents/summaries/summaries_arja/summaries_arja_1/summaries/tools/experiment-summary-bugsdotjar-arja-solr-1ce4d6b3-TP1-CP1-0-765fb2387c.json,,solr,bugsdotjar,1ce4d6b3,1228,TP1,1.0,600.0,auto,1.0,"0,1",0,,,22ead584f670,Tool returned non-zero status,False,76.0,0.118,10707,3173,1,-1,0,-1,0,-1,0
arja,,,/home/carol/Documents/summaries/summaries_arja/summaries_arja_1/summaries/tools/experiment-summary-bugsdotjar-arja-karaf-6650922f-TP1-CP1-0-26cc0cc55f.json,,karaf,bugsdotjar,6650922f,1179,TP1,1.0,20.0,auto,1.0,"0,1",0,,,4abf63b391a4,Job Timeout,,3624.0,0.001,266,84,1,-1,6225,-1,0,6226,0
arja,,,/home/carol/Documents/summaries/summaries_arja/summaries_arja_1/summaries/tools/experiment-summary-bugsdotjar-arja-hadoop-890a2ebd-TP1-CP1-0-da450d6d62.json,,hadoop,bugsdotjar,890a2ebd,1190,TP1,1.0,20.0,auto,1.0,"0,1",0,,,780f82dfe704,Tool returned non-zero status,False,8.0,0.007,47783,17937,1,-1,0,-1,0,-1,0
arja,,,/home/carol/Documents/summaries/summaries_arja/summaries_arja_1/summaries/tools/experiment-summary-bugsdotjar-arja-jackrabbit-57c16ec4-TP1-CP1-0-00b141c8a7.json,,jackrabbit,bugsdotjar,57c16ec4,1181,TP1,1.0,20.0,auto,1.0,"0,1",0,,,f4eea56ea4c2,Job Timeout,,12616.0,0.001,1769,84,1,-1,0,-1,0,-1,0
arja,,,/home/carol/Documents/summaries/summaries_arja/summaries_arja_1/summaries/tools/experiment-summary-bugsdotjar-arja-hbase-9c1f2dd0-TP1-CP1-0-5ca34907f4.json,,hbase,bugsdotjar,9c1f2dd0,1175,TP1,1.0,20.0,auto,1.0,"0,1",0,,,2a48165445bc,Job Timeout,,3936.0,0.001,266,84,1,-1,0,-1,0,-1,0
arja,,,/home/carol/Documents/summaries/summaries_arja/summaries_arja_1/summaries/tools/experiment-summary-bugsdotjar-arja-ambari-630299fb-TP1-CP1-0-09f42f0e2c.json,,ambari,bugsdotjar,630299fb,1252,TP1,1.0,20.0,auto,1.0,"0,1",0,,,469f51cd9803,Tool returned non-zero status,False,101.0,0.414,6999349,1655366,1,-1,0,-1,0,-1,0
arja,,,/home/carol/Documents/summaries/summaries_arja/summaries_arja_1/summaries/tools/experiment-summary-bugsdotjar-arja-hadoop-a4e0ff5e-TP1-CP1-0-e8900caaca.json,,hadoop,bugsdotjar,a4e0ff5e,1195,TP1,1.0,20.0,auto,1.0,"0,1",0,,,12f879846a87,Tool returned non-zero status,False,21.0,0.054,21215,8176,1,-1,0,-1,0,-1,0
arja,,,/home/carol/Documents/summaries/summaries_arja/summaries_arja_1/summaries/tools/experiment-summary-bugsdotjar-arja-ambari-6fae1889-TP1-CP1-0-964373b449.json,,ambari,bugsdotjar,6fae1889,1257,TP1,1.0,20.0,auto,1.0,"0,1",0,,,f91ecfda7d82,Tool returned non-zero status,False,157.0,0.181,1490150,283712,1,-1,0,-1,0,-1,0
arja,,,/home/carol/Documents/summaries/summaries_arja/summaries_arja_1/summaries/tools/experiment-summary-bugsdotjar-arja-hadoop-a7998921-TP1-CP1-0-4e887e7518.json,,hadoop,bugsdotjar,a7998921,1200,TP1,1.0,20.0,auto,1.0,"0,1",0,,,fdac9862c612,Tool returned non-zero status,False,19.0,0.008,37508,19536,1,-1,0,-1,0,-1,0
arja,,,/home/carol/Documents/summaries/summaries_arja/summaries_arja_1/summaries/tools/experiment-summary-bugsdotjar-arja-hadoop-b4c8567e-TP1-CP1-0-5f44b0ad89.json,,hadoop,bugsdotjar,b4c8567e,1203,TP1,1.0,20.0,auto,1.0,"0,1",0,,,03d790ec5a40,Tool returned non-zero status,False,10.0,0.039,23819,7243,1,-1,0,-1,0,-1,0
arja,,,/home/carol/Documents/summaries/summaries_arja/summaries_arja_1/summaries/tools/experiment-summary-bugsdotjar-arja-hadoop-d720ebc2-TP1-CP1-0-d62400b88e.json,,hadoop,bugsdotjar,d720ebc2,1199,TP1,1.0,20.0,auto,1.0,"0,1",0,,,f5c3e92e403e,Tool returned non-zero status,False,22.0,0.009,37861,19680,1,-1,0,-1,0,-1,0
arja,,,/home/carol/Documents/summaries/summaries_arja/summaries_arja_1/summaries/tools/experiment-summary-bugsdotjar-arja-flink-d0fbd344-TP1-CP1-0-be555d0072.json,,flink,bugsdotjar,d0fbd344,1164,TP1,1.0,20.0,auto,1.0,"0,1",0,,,ea5ca1744793,Job Timeout,,3735.0,0.001,266,84,1,-1,21,-1,0,22,0
arja,,,/home/carol/Documents/summaries/summaries_arja/summaries_arja_1/summaries/tools/experiment-summary-bugsdotjar-arja-hbase-21cb00ee-TP1-CP1-0-ae7fd15529.json,,hbase,bugsdotjar,21cb00ee,1176,TP1,1.0,20.0,auto,1.0,"0,1",0,,,f0e0808785bc,Job Timeout,,4201.0,0.001,266,84,1,-1,0,-1,0,-1,0
arja,,,/home/carol/Documents/summaries/summaries_arja/summaries_arja_1/summaries/tools/experiment-summary-bugsdotjar-arja-hadoop-79b12f6f-TP1-CP1-0-da63e7d405.json,,hadoop,bugsdotjar,79b12f6f,1198,TP1,1.0,20.0,auto,1.0,"0,1",0,,,60fdda2de97b,Tool returned non-zero status,False,10.0,0.003,32986,12151,1,-1,0,-1,0,-1,0
arja,,,/home/carol/Documents/summaries/summaries_arja/summaries_arja_1/summaries/tools/experiment-summary-bugsdotjar-arja-solr-6d68694c-TP1-CP1-0-245c228f94.json,,solr,bugsdotjar,6d68694c,1231,TP1,1.0,20.0,auto,1.0,"0,1",0,,,bb1d066814af,Tool returned non-zero status,False,2.0,0.005,3012,126,1,-1,0,-1,0,-1,0
arja,,,/home/carol/Documents/summaries/summaries_arja/summaries_arja_1/summaries/tools/experiment-summary-bugsdotjar-arja-ambari-4b97eb77-TP1-CP1-0-66d453e4fc.json,,ambari,bugsdotjar,4b97eb77,1250,TP1,1.0,20.0,auto,1.0,"0,1",0,,,e04a381186e4,Tool returned non-zero status,False,95.0,0.544,136637,46747,1,-1,0,-1,0,-1,0
arja,,,/home/carol/Documents/summaries/summaries_arja/summaries_arja_1/summaries/tools/experiment-summary-bugsdotjar-arja-hadoop-b1e05908-TP1-CP1-0-6e2b789c2c.json,,hadoop,bugsdotjar,b1e05908,1192,TP1,1.0,20.0,auto,1.0,"0,1",0,,,0dfa752e1543,Tool returned non-zero status,False,7.0,0.007,104454,39397,1,-1,0,-1,0,-1,0
arja,,,/home/carol/Documents/summaries/summaries_arja/summaries_arja_1/summaries/tools/experiment-summary-bugsdotjar-arja-ambari-f4e0f6ca-TP1-CP1-0-c404408795.json,,ambari,bugsdotjar,f4e0f6ca,1268,TP1,1.0,20.0,auto,1.0,"0,1",0,,,91abf49bfd98,Job Timeout,,3748.0,0.001,266,84,1,-1,1,-1,0,2,0
arja,,,/home/carol/Documents/summaries/summaries_arja/summaries_arja_1/summaries/tools/experiment-summary-bugsdotjar-arja-flink-91a0c8c5-TP1-CP1-0-12315498a9.json,,flink,bugsdotjar,91a0c8c5,1166,TP1,1.0,20.0,auto,1.0,"0,1",0,,,790c102828d2,Job Timeout,,3727.0,0.001,266,84,1,-1,0,-1,0,-1,0
arja,,,/home/carol/Documents/summaries/summaries_arja/summaries_arja_1/summaries/tools/experiment-summary-bugsdotjar-arja-ambari-dba3fee7-TP1-CP1-0-158e02ee3c.json,,ambari,bugsdotjar,dba3fee7,1266,TP1,1.0,20.0,auto,1.0,"0,1",0,,,022577db1641,Job Timeout,,3788.0,0.001,266,84,1,-1,402,-1,0,403,0
arja,,,/home/carol/Documents/summaries/summaries_arja/summaries_arja_1/summaries/tools/experiment-summary-bugsdotjar-arja-flink-1836e08f-TP1-CP1-0-3d296e648c.json,,flink,bugsdotjar,1836e08f,1159,TP1,1.0,5.0,auto,1.0,"0,1",0,,,052d1c5d3327,Job Timeout,,3850.0,0.001,266,84,1,-1,1396,-1,0,1397,0
arja,,,/home/carol/Documents/summaries/summaries_arja/summaries_arja_1/summaries/tools/experiment-summary-bugsdotjar-arja-ambari-1eba77a9-TP1-CP1-0-23abf4b295.json,,ambari,bugsdotjar,1eba77a9,1221,TP1,1.0,20.0,auto,1.0,"0,1",0,,,bfec84ee870b,Tool returned non-zero status,False,219.0,0.42,7523976,1577134,1,-1,0,-1,0,-1,0
arja,,,/home/carol/Documents/summaries/summaries_arja/summaries_arja_1/summaries/tools/experiment-summary-bugsdotjar-arja-hadoop-31ebccc9-TP1-CP1-0-7c271e4db4.json,,hadoop,bugsdotjar,31ebccc9,1188,TP1,1.0,20.0,auto,1.0,"0,1",0,,,82e25f317f45,Tool returned non-zero status,False,34.0,0.176,186483,65576,1,-1,0,-1,0,-1,0
arja,,,/home/carol/Documents/summaries/summaries_arja/summaries_arja_1/summaries/tools/experiment-summary-bugsdotjar-arja-ambari-e3d5fd61-TP1-CP1-0-c1257b8ee7.json,,ambari,bugsdotjar,e3d5fd61,1267,TP1,1.0,20.0,auto,1.0,"0,1",0,,,cc610d94fbd1,Tool returned non-zero status,False,147.0,0.538,136968,46721,1,-1,0,-1,0,-1,0
arja,,,/home/carol/Documents/summaries/summaries_arja/summaries_arja_1/summaries/tools/experiment-summary-bugsdotjar-arja-ambari-b2fae8cb-TP1-CP1-0-17f8d3d498.json,,ambari,bugsdotjar,b2fae8cb,1262,TP1,1.0,20.0,auto,1.0,"0,1",0,,,2a39338af5cd,Job Timeout,,3694.0,0.001,266,84,1,-1,91,-1,0,92,0
arja,,,/home/carol/Documents/summaries/summaries_arja/summaries_arja_1/summaries/tools/experiment-summary-bugsdotjar-arja-solr-93ebd8d5-TP1-CP1-0-39aa18adb6.json,,solr,bugsdotjar,93ebd8d5,1233,TP1,1.0,20.0,auto,1.0,"0,1",0,,,0c7e9c318dc6,Tool returned non-zero status,False,1.0,0.001,2852,126,1,-1,0,-1,0,-1,0
arja,,,/home/carol/Documents/summaries/summaries_arja/summaries_arja_1/summaries/tools/experiment-summary-bugsdotjar-arja-kafka-98ea773a-TP1-CP1-0-1f5d10daeb.json,,kafka,bugsdotjar,98ea773a,1242,TP1,1.0,300.0,auto,1.0,"0,1",0,,,30cf1f40d2c8,Tool returned non-zero status,False,46.0,0.064,3482,126,1,-1,0,-1,0,-1,0
arja,,,/home/carol/Documents/summaries/summaries_arja/summaries_arja_1/summaries/tools/experiment-summary-bugsdotjar-arja-kafka-be846d83-TP1-CP1-0-3bb7f098a6.json,,kafka,bugsdotjar,be846d83,1243,TP1,1.0,300.0,auto,1.0,"0,1",0,,,cedc8ba1880d,Tool returned non-zero status,False,0.0,0.002,1038,84,1,-1,0,-1,0,-1,0
arja,,,/home/carol/Documents/summaries/summaries_arja/summaries_arja_1/summaries/tools/experiment-summary-bugsdotjar-arja-ambari-a5807823-TP1-CP1-0-0334ddefdf.json,,ambari,bugsdotjar,a5807823,1260,TP1,1.0,20.0,auto,1.0,"0,1",0,,,2a37fb8e632d,Tool returned non-zero status,False,63.0,0.386,8233854,1744995,1,-1,0,-1,0,-1,0
arja,,,/home/carol/Documents/summaries/summaries_arja/summaries_arja_1/summaries/tools/experiment-summary-bugsdotjar-arja-flink-e3759a5e-TP1-CP1-0-fb0a008fa1.json,,flink,bugsdotjar,e3759a5e,1173,TP1,1.0,5.0,auto,1.0,"0,1",0,,,e3ec7135a5bf,Job Timeout,,3736.0,0.001,266,84,1,-1,2298,-1,0,2299,0
arja,,,/home/carol/Documents/summaries/summaries_arja/summaries_arja_1/summaries/tools/experiment-summary-bugsdotjar-arja-flink-2558c9ee-TP1-CP1-0-fe911e5a4c.json,,flink,bugsdotjar,2558c9ee,1165,TP1,1.0,20.0,auto,1.0,"0,1",0,,,0b4f785eb826,Job Timeout,,3695.0,0.001,266,84,1,-1,0,-1,0,-1,0
arja,,,/home/carol/Documents/summaries/summaries_arja/summaries_arja_1/summaries/tools/experiment-summary-bugsdotjar-arja-ambari-69c83419-TP1-CP1-0-b2fc5b29c2.json,,ambari,bugsdotjar,69c83419,1255,TP1,1.0,20.0,auto,1.0,"0,1",0,,,884b0c55735a,Tool returned non-zero status,False,68.0,0.453,7293581,1741164,1,-1,0,-1,0,-1,0
arja,,,/home/carol/Documents/summaries/summaries_arja/summaries_arja_1/summaries/tools/experiment-summary-bugsdotjar-arja-hadoop-905c58ed-TP1-CP1-0-c000adff31.json,,hadoop,bugsdotjar,905c58ed,1194,TP1,1.0,20.0,auto,1.0,"0,1",0,,,961eb4184f2a,Tool returned non-zero status,False,23.0,0.07,48684,27377,1,-1,0,-1,0,-1,0
arja,,,/home/carol/Documents/summaries/summaries_arja/summaries_arja_1/summaries/tools/experiment-summary-bugsdotjar-arja-solr-79351129-TP1-CP1-0-cbf8a133fa.json,,solr,bugsdotjar,79351129,1232,TP1,1.0,20.0,auto,1.0,"0,1",0,,,d1df98ceb50f,Tool returned non-zero status,False,4.0,0.001,3600,126,1,-1,0,-1,0,-1,0
arja,,,/home/carol/Documents/summaries/summaries_arja/summaries_arja_1/summaries/tools/experiment-summary-bugsdotjar-arja-flink-42d8dde0-TP1-CP1-0-bd77393328.json,,flink,bugsdotjar,42d8dde0,1169,TP1,1.0,20.0,auto,1.0,"0,1",0,,,d4e8be5d8ead,Job Timeout,,3706.0,0.001,516,84,1,-1,626,-1,0,627,0
arja,,,/home/carol/Documents/summaries/summaries_arja/summaries_arja_1/summaries/tools/experiment-summary-bugsdotjar-arja-flink-31837a75-TP1-CP1-0-ece64e4a7a.json,,flink,bugsdotjar,31837a75,1160,TP1,1.0,5.0,auto,1.0,"0,1",0,,,4e6933bbf8f9,Job Timeout,,3849.0,0.001,266,84,1,-1,1357,-1,0,1358,0
arja,,,/home/carol/Documents/summaries/summaries_arja/summaries_arja_1/summaries/tools/experiment-summary-bugsdotjar-arja-flink-9c3be7e6-TP1-CP1-0-af0eda935c.json,,flink,bugsdotjar,9c3be7e6,1172,TP1,1.0,20.0,auto,1.0,"0,1",0,,,1afd32b3b609,Tool returned non-zero status,False,3073.0,0.768,9587401,232706,1,-1,0,-1,0,-1,0
arja,,,/home/carol/Documents/summaries/summaries_arja/summaries_arja_2/summaries/tools/experiment-summary-bugsdotjar-arja-hadoop-a7998921-TP1-CP1-0-4650bc6f10.json,,hadoop,bugsdotjar,a7998921,1200,TP1,1.0,20.0,auto,1.0,"0,1",0,,,e96f79a558d8,Tool returned non-zero status,False,26.0,0.084,37325,19824,1,-1,0,-1,0,-1,0
arja,,,/home/carol/Documents/summaries/summaries_arja/summaries_arja_2/summaries/tools/experiment-summary-bugsdotjar-arja-nifi-4417b9d6-TP1-CP1-0-cb39f69f59.json,,nifi,bugsdotjar,4417b9d6,1210,TP1,1.0,20.0,auto,1.0,"0,1",0,,,221fd542de70,Job Timeout,,3727.0,0.001,266,84,1,-1,1202,-1,642,561,0
arja,,,/home/carol/Documents/summaries/summaries_arja/summaries_arja_2/summaries/tools/experiment-summary-bugsdotjar-arja-calcite-d4d7ab99-TP1-CP1-0-a31b73ef73.json,,calcite,bugsdotjar,d4d7ab99,1240,TP1,1.0,20.0,auto,1.0,"0,1",0,,,e3d023a59267,Job Timeout,,3614.0,0.001,266,84,1,-1,1865,-1,0,1866,0
arja,,,/home/carol/Documents/summaries/summaries_arja/summaries_arja_2/summaries/tools/experiment-summary-bugsdotjar-arja-hadoop-890a2ebd-TP1-CP1-0-4d7297bca8.json,,hadoop,bugsdotjar,890a2ebd,1190,TP1,1.0,20.0,auto,1.0,"0,1",0,,,6eaa8d0dc6c8,Tool returned non-zero status,False,20.0,0.062,47910,18229,1,-1,0,-1,0,-1,0
arja,,,/home/carol/Documents/summaries/summaries_arja/summaries_arja_2/summaries/tools/experiment-summary-bugsdotjar-arja-hadoop-ad10cbd9-TP1-CP1-0-f5e9d414c3.json,,hadoop,bugsdotjar,ad10cbd9,1186,TP1,1.0,20.0,auto,1.0,"0,1",0,,,f91583214d95,Tool returned non-zero status,False,52.0,0.526,183566,62842,1,-1,0,-1,0,-1,0
arja,,,/home/carol/Documents/summaries/summaries_arja/summaries_arja_2/summaries/tools/experiment-summary-bugsdotjar-arja-ambari-b2fae8cb-TP1-CP1-0-50eb7e4171.json,,ambari,bugsdotjar,b2fae8cb,1262,TP1,1.0,20.0,auto,1.0,"0,1",0,,,7073e8ce6833,Job Timeout,,3703.0,0.001,266,84,1,-1,22,-1,0,23,0
arja,,,/home/carol/Documents/summaries/summaries_arja/summaries_arja_2/summaries/tools/experiment-summary-bugsdotjar-arja-flink-2fbe562d-TP1-CP1-0-d442e6e161.json,,flink,bugsdotjar,2fbe562d,1163,TP1,1.0,20.0,auto,1.0,"0,1",0,,,c36f3bfd5646,Tool returned non-zero status,False,28.0,0.209,54563,17283,1,-1,0,-1,0,-1,0
arja,,,/home/carol/Documents/summaries/summaries_arja/summaries_arja_2/summaries/tools/experiment-summary-bugsdotjar-arja-solr-d01c4d6a-TP1-CP1-0-b54de86ede.json,,solr,bugsdotjar,d01c4d6a,1237,TP1,1.0,20.0,auto,1.0,"0,1",0,,,7b8e7e4597f8,Tool returned non-zero status,False,3.0,0.003,3725,126,1,-1,0,-1,0,-1,0
arja,,,/home/carol/Documents/summaries/summaries_arja/summaries_arja_2/summaries/tools/experiment-summary-bugsdotjar-arja-jackrabbit-6fb52bbc-TP1-CP1-0-2745c015ef.json,,jackrabbit,bugsdotjar,6fb52bbc,1182,TP1,1.0,20.0,auto,1.0,"0,1",0,,,cf18840159ca,Tool returned non-zero status,False,24.0,0.017,8453193,320657,1,-1,0,-1,0,-1,0
arja,,,/home/carol/Documents/summaries/summaries_arja/summaries_arja_2/summaries/tools/experiment-summary-bugsdotjar-arja-ambari-69c83419-TP1-CP1-0-a79a6133b0.json,,ambari,bugsdotjar,69c83419,1255,TP1,1.0,20.0,auto,1.0,"0,1",0,,,56008d4feae0,Tool returned non-zero status,False,89.0,0.745,7264430,1741909,1,-1,0,-1,0,-1,0
arja,,,/home/carol/Documents/summaries/summaries_arja/summaries_arja_2/summaries/tools/experiment-summary-bugsdotjar-arja-ambari-6fae1889-TP1-CP1-0-7b75a5d089.json,,ambari,bugsdotjar,6fae1889,1257,TP1,1.0,20.0,auto,1.0,"0,1",0,,,2c15d99cde2a,Tool returned non-zero status,False,141.0,0.405,1509936,284641,1,-1,0,-1,0,-1,0
arja,,,/home/carol/Documents/summaries/summaries_arja/summaries_arja_2/summaries/tools/experiment-summary-bugsdotjar-arja-solr-a027a355-TP1-CP1-0-a877f21419.json,,solr,bugsdotjar,a027a355,1235,TP1,1.0,20.0,auto,1.0,"0,1",0,,,cafd387c74b9,Tool returned non-zero status,False,2.0,0.001,3012,126,1,-1,0,-1,0,-1,0
arja,,,/home/carol/Documents/summaries/summaries_arja/summaries_arja_2/summaries/tools/experiment-summary-bugsdotjar-arja-ambari-8782442d-TP1-CP1-0-6e09fcba6c.json,,ambari,bugsdotjar,8782442d,1258,TP1,1.0,20.0,auto,1.0,"0,1",0,,,a3eccc8be711,Job Timeout,,3764.0,0.001,516,84,1,-1,297,-1,0,298,0
arja,,,/home/carol/Documents/summaries/summaries_arja/summaries_arja_2/summaries/tools/experiment-summary-bugsdotjar-arja-flink-1836e08f-TP1-CP1-0-ddc6becce5.json,,flink,bugsdotjar,1836e08f,1159,TP1,1.0,5.0,auto,1.0,"0,1",0,,,2c44171888fb,Job Timeout,,3868.0,0.001,266,84,1,-1,658,-1,0,659,0
arja,,,/home/carol/Documents/summaries/summaries_arja/summaries_arja_2/summaries/tools/experiment-summary-bugsdotjar-arja-nifi-10332535-TP1-CP1-0-09d0afb67f.json,,nifi,bugsdotjar,10332535,1211,TP1,1.0,20.0,auto,1.0,"0,1",0,,,21f52891a9aa,Job Timeout,,3724.0,0.001,266,84,1,-1,1679,-1,0,1680,0
arja,,,/home/carol/Documents/summaries/summaries_arja/summaries_arja_2/summaries/tools/experiment-summary-bugsdotjar-arja-flink-06437970-TP1-CP1-0-4a3739d861.json,,flink,bugsdotjar,06437970,1162,TP1,1.0,20.0,auto,1.0,"0,1",0,,,7bdafb629384,Tool returned non-zero status,False,684.0,0.519,53896,16692,1,-1,0,-1,0,-1,0
arja,,,/home/carol/Documents/summaries/summaries_arja/summaries_arja_2/summaries/tools/experiment-summary-bugsdotjar-arja-solr-6d68694c-TP1-CP1-0-e6b9aeed5f.json,,solr,bugsdotjar,6d68694c,1231,TP1,1.0,20.0,auto,1.0,"0,1",0,,,4d4f3bd998df,Tool returned non-zero status,False,2.0,0.001,2776,126,1,-1,0,-1,0,-1,0
arja,,,/home/carol/Documents/summaries/summaries_arja/summaries_arja_2/summaries/tools/experiment-summary-bugsdotjar-arja-hadoop-31ebccc9-TP1-CP1-0-79ab15156e.json,,hadoop,bugsdotjar,31ebccc9,1188,TP1,1.0,20.0,auto,1.0,"0,1",0,,,253410dc4ae6,Tool returned non-zero status,False,70.0,0.455,186334,65204,1,-1,0,-1,0,-1,0
arja,,,/home/carol/Documents/summaries/summaries_arja/summaries_arja_2/summaries/tools/experiment-summary-bugsdotjar-arja-solr-3a63c58d-TP1-CP1-0-deddaa59e5.json,,solr,bugsdotjar,3a63c58d,1229,TP1,1.0,20.0,auto,1.0,"0,1",0,,,9e01af56e3e7,Tool returned non-zero status,False,4.0,0.003,4306,126,1,-1,0,-1,0,-1,0
arja,,,/home/carol/Documents/summaries/summaries_arja/summaries_arja_2/summaries/tools/experiment-summary-bugsdotjar-arja-hbase-21cb00ee-TP1-CP1-0-14d9e6acb2.json,,hbase,bugsdotjar,21cb00ee,1176,TP1,1.0,20.0,auto,1.0,"0,1",0,,,d58cef970e67,Job Timeout,,4098.0,0.001,266,84,1,-1,0,-1,0,-1,0
arja,,,/home/carol/Documents/summaries/summaries_arja/summaries_arja_2/summaries/tools/experiment-summary-bugsdotjar-arja-nifi-570fc7f1-TP1-CP1-0-605626a8f2.json,,nifi,bugsdotjar,570fc7f1,1208,TP1,1.0,20.0,auto,1.0,"0,1",0,,,3b60c17bdd8c,Job Timeout,,13417.0,0.001,2189,126,1,-1,0,-1,0,-1,0
arja,,,/home/carol/Documents/summaries/summaries_arja/summaries_arja_2/summaries/tools/experiment-summary-bugsdotjar-arja-solr-93ebd8d5-TP1-CP1-0-411932c312.json,,solr,bugsdotjar,93ebd8d5,1233,TP1,1.0,20.0,auto,1.0,"0,1",0,,,aa8a0ef14c7e,Tool returned non-zero status,False,2.0,0.001,2148,126,1,-1,0,-1,0,-1,0
arja,,,/home/carol/Documents/summaries/summaries_arja/summaries_arja_2/summaries/tools/experiment-summary-bugsdotjar-arja-hadoop-0308423b-TP1-CP1-0-031970bd99.json,,hadoop,bugsdotjar,0308423b,1201,TP1,1.0,20.0,auto,1.0,"0,1",0,,,d9e5ebea726f,Tool returned non-zero status,False,26.0,0.057,33345,12325,1,-1,0,-1,0,-1,0
arja,,,/home/carol/Documents/summaries/summaries_arja/summaries_arja_2/summaries/tools/experiment-summary-bugsdotjar-arja-flink-91a0c8c5-TP1-CP1-0-d7978bef8f.json,,flink,bugsdotjar,91a0c8c5,1166,TP1,1.0,20.0,auto,1.0,"0,1",0,,,df25dee30cb1,Job Timeout,,3879.0,0.001,266,84,1,-1,0,-1,0,-1,0
arja,,,/home/carol/Documents/summaries/summaries_arja/summaries_arja_2/summaries/tools/experiment-summary-bugsdotjar-arja-ambari-1eba77a9-TP1-CP1-0-2e85f85aa1.json,,ambari,bugsdotjar,1eba77a9,1221,TP1,1.0,20.0,auto,1.0,"0,1",0,,,49bd7bb87583,Tool returned non-zero status,False,183.0,0.668,7598319,1585185,1,-1,0,-1,0,-1,0
arja,,,/home/carol/Documents/summaries/summaries_arja/summaries_arja_2/summaries/tools/experiment-summary-bugsdotjar-arja-solr-0baf2fa3-TP1-CP1-0-b6f6cf7e79.json,,solr,bugsdotjar,0baf2fa3,1227,TP1,1.0,20.0,auto,1.0,"0,1",0,,,8f373e2d146d,Tool returned non-zero status,False,4.0,0.001,4893,126,1,-1,0,-1,0,-1,0
arja,,,/home/carol/Documents/summaries/summaries_arja/summaries_arja_2/summaries/tools/experiment-summary-bugsdotjar-arja-hadoop-2b19054c-TP1-CP1-0-9101be4e09.json,,hadoop,bugsdotjar,2b19054c,1197,TP1,1.0,20.0,auto,1.0,"0,1",0,,,555bd6d89167,Tool returned non-zero status,False,14.0,0.054,32918,12109,1,-1,0,-1,0,-1,0
arja,,,/home/carol/Documents/summaries/summaries_arja/summaries_arja_2/summaries/tools/experiment-summary-bugsdotjar-arja-flink-42d8dde0-TP1-CP1-0-559e3eda07.json,,flink,bugsdotjar,42d8dde0,1169,TP1,1.0,20.0,auto,1.0,"0,1",0,,,fd00ee514a25,Job Timeout,,3739.0,0.001,266,84,1,-1,676,-1,0,677,0
arja,,,/home/carol/Documents/summaries/summaries_arja/summaries_arja_2/summaries/tools/experiment-summary-bugsdotjar-arja-hadoop-a4e0ff5e-TP1-CP1-0-3804acac27.json,,hadoop,bugsdotjar,a4e0ff5e,1195,TP1,1.0,20.0,auto,1.0,"0,1",0,,,75dea89c5285,Tool returned non-zero status,False,18.0,0.165,21215,8176,1,-1,0,-1,0,-1,0
arja,,,/home/carol/Documents/summaries/summaries_arja/summaries_arja_2/summaries/tools/experiment-summary-bugsdotjar-arja-ambari-f4e0f6ca-TP1-CP1-0-1ec59a32c0.json,,ambari,bugsdotjar,f4e0f6ca,1268,TP1,1.0,20.0,auto,1.0,"0,1",0,,,90ff8c0eea0c,Job Timeout,,3737.0,0.001,266,84,1,-1,33,-1,0,34,0
arja,,,/home/carol/Documents/summaries/summaries_arja/summaries_arja_2/summaries/tools/experiment-summary-bugsdotjar-arja-hadoop-b1e05908-TP1-CP1-0-667b618b6d.json,,hadoop,bugsdotjar,b1e05908,1192,TP1,1.0,20.0,auto,1.0,"0,1",0,,,f4db229a15d2,Tool returned non-zero status,False,11.0,0.059,104041,39841,1,-1,0,-1,0,-1,0
arja,,,/home/carol/Documents/summaries/summaries_arja/summaries_arja_2/summaries/tools/experiment-summary-bugsdotjar-arja-flink-31837a75-TP1-CP1-0-82691c97fd.json,,flink,bugsdotjar,31837a75,1160,TP1,1.0,5.0,auto,1.0,"0,1",0,,,68b5c03792e9,Job Timeout,,3751.0,0.001,266,84,1,-1,1017,-1,0,1018,0
arja,,,/home/carol/Documents/summaries/summaries_arja/summaries_arja_2/summaries/tools/experiment-summary-bugsdotjar-arja-jackrabbit-86824f03-TP1-CP1-0-30ed5b4f31.json,,jackrabbit,bugsdotjar,86824f03,1183,TP1,1.0,20.0,auto,1.0,"0,1",0,,,25fcf6ac2304,Job Timeout,,3683.0,0.001,266,84,1,-1,5705,-1,0,5706,0
arja,,,/home/carol/Documents/summaries/summaries_arja/summaries_arja_2/summaries/tools/experiment-summary-bugsdotjar-arja-hadoop-a8e7f745-TP1-CP1-0-6ac28c0452.json,,hadoop,bugsdotjar,a8e7f745,1202,TP1,1.0,20.0,auto,1.0,"0,1",0,,,0b35887934f1,Tool returned non-zero status,False,27.0,0.168,26743,8260,1,-1,0,-1,0,-1,0
arja,,,/home/carol/Documents/summaries/summaries_arja/summaries_arja_2/summaries/tools/experiment-summary-bugsdotjar-arja-ambari-a5807823-TP1-CP1-0-f78612a79d.json,,ambari,bugsdotjar,a5807823,1260,TP1,1.0,20.0,auto,1.0,"0,1",0,,,c4627c752a4c,Tool returned non-zero status,False,121.0,0.64,8215054,1742002,1,-1,0,-1,0,-1,0
arja,,,/home/carol/Documents/summaries/summaries_arja/summaries_arja_2/summaries/tools/experiment-summary-bugsdotjar-arja-karaf-6650922f-TP1-CP1-0-451e6edea5.json,,karaf,bugsdotjar,6650922f,1179,TP1,1.0,20.0,auto,1.0,"0,1",0,,,22b363652916,Job Timeout,,3624.0,0.001,266,84,1,-1,6622,-1,0,6623,0
arja,,,/home/carol/Documents/summaries/summaries_arja/summaries_arja_2/summaries/tools/experiment-summary-bugsdotjar-arja-hadoop-d720ebc2-TP1-CP1-0-321b737e91.json,,hadoop,bugsdotjar,d720ebc2,1199,TP1,1.0,20.0,auto,1.0,"0,1",0,,,86dad0806b39,Tool returned non-zero status,False,43.0,0.084,37594,19866,1,-1,0,-1,0,-1,0
arja,,,/home/carol/Documents/summaries/summaries_arja/summaries_arja_2/summaries/tools/experiment-summary-bugsdotjar-arja-flink-9c3be7e6-TP1-CP1-0-4413e6b272.json,,flink,bugsdotjar,9c3be7e6,1172,TP1,1.0,20.0,auto,1.0,"0,1",0,,,fe9f64226f2a,Tool returned non-zero status,False,3477.0,1.402,9585493,203726,1,-1,0,-1,0,-1,0
arja,,,/home/carol/Documents/summaries/summaries_arja/summaries_arja_2/summaries/tools/experiment-summary-bugsdotjar-arja-kafka-98ea773a-TP1-CP1-0-ef1951a885.json,,kafka,bugsdotjar,98ea773a,1242,TP1,1.0,300.0,auto,1.0,"0,1",0,,,520c1c391e31,Tool returned non-zero status,False,71.0,0.239,4403,126,1,-1,0,-1,0,-1,0
arja,,,/home/carol/Documents/summaries/summaries_arja/summaries_arja_2/summaries/tools/experiment-summary-bugsdotjar-arja-kafka-be846d83-TP1-CP1-0-709213aa56.json,,kafka,bugsdotjar,be846d83,1243,TP1,1.0,300.0,auto,1.0,"0,1",0,,,0e5f9f0a73dc,Tool returned non-zero status,False,1.0,0.002,392,84,1,-1,0,-1,0,-1,0
arja,,,/home/carol/Documents/summaries/summaries_arja/summaries_arja_2/summaries/tools/experiment-summary-bugsdotjar-arja-hadoop-770cc144-TP1-CP1-0-a3846aee8c.json,,hadoop,bugsdotjar,770cc144,1193,TP1,1.0,20.0,auto,1.0,"0,1",0,,,8b4bbedf2517,Tool returned non-zero status,False,33.0,0.245,45624,25337,1,-1,0,-1,0,-1,0
arja,,,/home/carol/Documents/summaries/summaries_arja/summaries_arja_2/summaries/tools/experiment-summary-bugsdotjar-arja-solr-561fddd8-TP1-CP1-0-bd2f1eefba.json,,solr,bugsdotjar,561fddd8,1230,TP1,1.0,20.0,auto,1.0,"0,1",0,,,00741fec1435,Tool returned non-zero status,False,3.0,0.001,3180,126,1,-1,0,-1,0,-1,0
arja,,,/home/carol/Documents/summaries/summaries_arja/summaries_arja_2/summaries/tools/experiment-summary-bugsdotjar-arja-kafka-e7663a30-TP1-CP1-0-acfcac1fad.json,,kafka,bugsdotjar,e7663a30,1246,TP1,1.0,300.0,auto,1.0,"0,1",0,,,10668d67fd85,Tool returned non-zero status,False,42.0,0.103,3776,126,1,-1,0,-1,0,-1,0
arja,,,/home/carol/Documents/summaries/summaries_arja/summaries_arja_2/summaries/tools/experiment-summary-bugsdotjar-arja-ambari-e3d5fd61-TP1-CP1-0-61790a3b84.json,,ambari,bugsdotjar,e3d5fd61,1267,TP1,1.0,20.0,auto,1.0,"0,1",0,,,330cac43d914,Tool returned non-zero status,False,104.0,0.828,129427,45682,1,-1,0,-1,0,-1,0
arja,,,/home/carol/Documents/summaries/summaries_arja/summaries_arja_2/summaries/tools/experiment-summary-bugsdotjar-arja-flink-d0fbd344-TP1-CP1-0-c8ac3e2144.json,,flink,bugsdotjar,d0fbd344,1164,TP1,1.0,20.0,auto,1.0,"0,1",0,,,91652ccfa909,Job Timeout,,3909.0,0.001,266,84,1,-1,19,-1,0,20,0
arja,,,/home/carol/Documents/summaries/summaries_arja/summaries_arja_2/summaries/tools/experiment-summary-bugsdotjar-arja-flink-e3759a5e-TP1-CP1-0-d535fbfd1e.json,,flink,bugsdotjar,e3759a5e,1173,TP1,1.0,5.0,auto,1.0,"0,1",0,,,6e01d193a3af,Job Timeout,,3734.0,0.001,266,84,1,-1,3249,-1,0,3250,0
arja,,,/home/carol/Documents/summaries/summaries_arja/summaries_arja_2/summaries/tools/experiment-summary-bugsdotjar-arja-solr-1ce4d6b3-TP1-CP1-0-85bd468cad.json,,solr,bugsdotjar,1ce4d6b3,1228,TP1,1.0,600.0,auto,1.0,"0,1",0,,,37c046797b70,Tool returned non-zero status,False,115.0,0.755,48776,13767,1,-1,0,-1,0,-1,0
arja,,,/home/carol/Documents/summaries/summaries_arja/summaries_arja_2/summaries/tools/experiment-summary-bugsdotjar-arja-hadoop-b4c8567e-TP1-CP1-0-d574a789f5.json,,hadoop,bugsdotjar,b4c8567e,1203,TP1,1.0,20.0,auto,1.0,"0,1",0,,,7f1ef5165187,Tool returned non-zero status,False,11.0,0.125,23889,7177,1,-1,0,-1,0,-1,0
arja,,,/home/carol/Documents/summaries/summaries_arja/summaries_arja_2/summaries/tools/experiment-summary-bugsdotjar-arja-ambari-10636070-TP1-CP1-0-0fa01a26c6.json,,ambari,bugsdotjar,10636070,1247,TP1,1.0,20.0,auto,1.0,"0,1",0,,,2d0e7190cc3c,Tool returned non-zero status,False,128.0,0.691,6936628,1655973,1,-1,0,-1,0,-1,0
arja,,,/home/carol/Documents/summaries/summaries_arja/summaries_arja_2/summaries/tools/experiment-summary-bugsdotjar-arja-hadoop-49b4c0b3-TP1-CP1-0-d7a67b29cb.json,,hadoop,bugsdotjar,49b4c0b3,1187,TP1,1.0,20.0,auto,1.0,"0,1",0,,,6661e619e5d5,Tool returned non-zero status,False,57.0,0.445,165660,58756,1,-1,0,-1,0,-1,0
arja,,,/home/carol/Documents/summaries/summaries_arja/summaries_arja_2/summaries/tools/experiment-summary-bugsdotjar-arja-hadoop-513ec3de-TP1-CP1-0-c8ba738d80.json,,hadoop,bugsdotjar,513ec3de,1191,TP1,1.0,20.0,auto,1.0,"0,1",0,,,8f32485eedc5,Tool returned non-zero status,False,13.0,0.063,68747,24727,1,-1,0,-1,0,-1,0
arja,,,/home/carol/Documents/summaries/summaries_arja/summaries_arja_2/summaries/tools/experiment-summary-bugsdotjar-arja-ambari-4b97eb77-TP1-CP1-0-2330c4493a.json,,ambari,bugsdotjar,4b97eb77,1250,TP1,1.0,20.0,auto,1.0,"0,1",0,,,107bd1dffd97,Tool returned non-zero status,False,110.0,0.786,129880,45880,1,-1,0,-1,0,-1,0
arja,,,/home/carol/Documents/summaries/summaries_arja/summaries_arja_2/summaries/tools/experiment-summary-bugsdotjar-arja-ambari-27a22897-TP1-CP1-0-08df36c26a.json,,ambari,bugsdotjar,27a22897,1249,TP1,1.0,20.0,auto,1.0,"0,1",0,,,41c9c29566e1,Tool returned non-zero status,False,263.0,0.684,7014278,1637324,1,-1,0,-1,0,-1,0
arja,,,/home/carol/Documents/summaries/summaries_arja/summaries_arja_2/summaries/tools/experiment-summary-bugsdotjar-arja-ambari-58dabba1-TP1-CP1-0-9a79233faf.json,,ambari,bugsdotjar,58dabba1,1251,TP1,1.0,20.0,auto,1.0,"0,1",0,,,1b91992aff7b,Job Timeout,,3767.0,0.001,266,84,1,-1,195,-1,0,196,0
arja,,,/home/carol/Documents/summaries/summaries_arja/summaries_arja_2/summaries/tools/experiment-summary-bugsdotjar-arja-hbase-9c1f2dd0-TP1-CP1-0-8edff0f957.json,,hbase,bugsdotjar,9c1f2dd0,1175,TP1,1.0,20.0,auto,1.0,"0,1",0,,,413c5411c7f8,Job Timeout,,3897.0,0.001,266,84,1,-1,0,-1,0,-1,0
arja,,,/home/carol/Documents/summaries/summaries_arja/summaries_arja_2/summaries/tools/experiment-summary-bugsdotjar-arja-ambari-dba3fee7-TP1-CP1-0-e94231b2a1.json,,ambari,bugsdotjar,dba3fee7,1266,TP1,1.0,20.0,auto,1.0,"0,1",0,,,23a3bcc030d4,Job Timeout,,3779.0,0.001,266,84,1,-1,5,-1,0,6,0
arja,,,/home/carol/Documents/summaries/summaries_arja/summaries_arja_2/summaries/tools/experiment-summary-bugsdotjar-arja-flink-2558c9ee-TP1-CP1-0-3b97521ed6.json,,flink,bugsdotjar,2558c9ee,1165,TP1,1.0,20.0,auto,1.0,"0,1",0,,,4234edea94dd,Job Timeout,,3795.0,0.001,266,84,1,-1,0,-1,0,-1,0
arja,,,/home/carol/Documents/summaries/summaries_arja/summaries_arja_2/summaries/tools/experiment-summary-bugsdotjar-arja-ambari-630299fb-TP1-CP1-0-de7fa15aba.json,,ambari,bugsdotjar,630299fb,1252,TP1,1.0,20.0,auto,1.0,"0,1",0,,,5020a03cc717,Tool returned non-zero status,False,138.0,0.703,6947140,1662163,1,-1,0,-1,0,-1,0
arja,,,/home/carol/Documents/summaries/summaries_arja/summaries_arja_2/summaries/tools/experiment-summary-bugsdotjar-arja-hbase-190c253c-TP1-CP1-0-824ca4f4bd.json,,hbase,bugsdotjar,190c253c,1174,TP1,1.0,20.0,auto,1.0,"0,1",0,,,5e65b6485429,Job Timeout,,3878.0,0.001,266,84,1,-1,1027,-1,0,1028,0
arja,,,/home/carol/Documents/summaries/summaries_arja/summaries_arja_2/summaries/tools/experiment-summary-bugsdotjar-arja-hadoop-79b12f6f-TP1-CP1-0-f55b576d48.json,,hadoop,bugsdotjar,79b12f6f,1198,TP1,1.0,20.0,auto,1.0,"0,1",0,,,e95db9dd73d1,Tool returned non-zero status,False,16.0,0.053,33343,12667,1,-1,0,-1,0,-1,0
arja,,,/home/carol/Documents/summaries/summaries_arja/summaries_arja_2/summaries/tools/experiment-summary-bugsdotjar-arja-hadoop-905c58ed-TP1-CP1-0-5d3d5639cd.json,,hadoop,bugsdotjar,905c58ed,1194,TP1,1.0,20.0,auto,1.0,"0,1",0,,,76e6d862bbd2,Tool returned non-zero status,False,32.0,0.198,48346,27695,1,-1,0,-1,0,-1,0
arja,,,/home/carol/Documents/summaries/summaries_arja/summaries_arja_2/summaries/tools/experiment-summary-bugsdotjar-arja-solr-79351129-TP1-CP1-0-5447d23902.json,,solr,bugsdotjar,79351129,1232,TP1,1.0,20.0,auto,1.0,"0,1",0,,,1f1a95f5273e,Tool returned non-zero status,False,3.0,0.001,3595,126,1,-1,0,-1,0,-1,0
acr_llama3_70b,,0,/home/carol/Downloads/Workspaces/HPC_runACR_on_HotBugs/hotbugs_output/llama3:70b/flink_74c45c48_2025-11-05_19-25-41,flink_74c45c48_2025-11-05_19-25-41,flink,,74c45c48,,,,,,,,,,,,filesystem_aggregated,False,,,,,,,,,,,0
acr_llama3_70b,,0,/home/carol/Downloads/Workspaces/HPC_runACR_on_HotBugs/hotbugs_output/llama3:70b/flink_06437970_2025-11-03_16-26-07,flink_06437970_2025-11-03_16-26-07,flink,,06437970,,,,,,,,,,,,filesystem_aggregated,False,,,,,,,,,,,0
acr_llama3_70b,,0,/home/carol/Downloads/Workspaces/HPC_runACR_on_HotBugs/hotbugs_output/llama3:70b/karaf_6650922f_2025-11-05_22-39-38,karaf_6650922f_2025-11-05_22-39-38,karaf,,6650922f,,,,,,,,,,,,filesystem_aggregated,False,,,,,,,,,,,0
acr_llama3_70b,,0,/home/carol/Downloads/Workspaces/HPC_runACR_on_HotBugs/hotbugs_output/llama3:70b/flink_724fb3d8_2025-11-03_12-32-23,flink_724fb3d8_2025-11-03_12-32-23,flink,,724fb3d8,,,,,,,,,,,,filesystem_aggregated,False,,,,,,,,,,,0
acr_llama3_70b,,0,/home/carol/Downloads/Workspaces/HPC_runACR_on_HotBugs/hotbugs_output/llama3:70b/solr_0b734cfe_2025-11-06_09-00-59,solr_0b734cfe_2025-11-06_09-00-59,solr,,0b734cfe,,,,,,,,,,,,filesystem_aggregated,False,,,,,,,,,,,0
acr_llama3_70b,,0,/home/carol/Downloads/Workspaces/HPC_runACR_on_HotBugs/hotbugs_output/llama3:70b/kafka_d62a42df_2025-11-06_20-28-30,kafka_d62a42df_2025-11-06_20-28-30,kafka,,d62a42df,,,,,,,,,,,,filesystem_aggregated,False,,,,,,,,,,,0
acr_llama3_70b,,0,/home/carol/Downloads/Workspaces/HPC_runACR_on_HotBugs/hotbugs_output/llama3:70b/solr_9ab0f64f_2025-11-06_15-12-18,solr_9ab0f64f_2025-11-06_15-12-18,solr,,9ab0f64f,,,,,,,,,,,,filesystem_aggregated,False,,,,,,,,,,,0
acr_llama3_70b,,0,/home/carol/Downloads/Workspaces/HPC_runACR_on_HotBugs/hotbugs_output/llama3:70b/ambari_e3d5fd61_2025-11-03_16-30-23,ambari_e3d5fd61_2025-11-03_16-30-23,ambari,,e3d5fd61,,,,,,,,,,,,filesystem_aggregated,False,,,,,,,,,,,0
acr_llama3_70b,,0,/home/carol/Downloads/Workspaces/HPC_runACR_on_HotBugs/hotbugs_output/llama3:70b/calcite_618e601b_2025-11-03_16-55-39,calcite_618e601b_2025-11-03_16-55-39,calcite,,618e601b,,,,,,,,,,,,filesystem_aggregated,False,,,,,,,,,,,0
acr_llama3_70b,,0,/home/carol/Downloads/Workspaces/HPC_runACR_on_HotBugs/hotbugs_output/llama3:70b/ambari_65ddaed6_2025-11-02_19-25-48,ambari_65ddaed6_2025-11-02_19-25-48,ambari,,65ddaed6,,,,,,,,,,,,filesystem_aggregated,False,,,,,,,,,,,0
acr_llama3_70b,,0,/home/carol/Downloads/Workspaces/HPC_runACR_on_HotBugs/hotbugs_output/llama3:70b/ambari_b2fae8cb_2025-11-04_20-08-10,ambari_b2fae8cb_2025-11-04_20-08-10,ambari,,b2fae8cb,,,,,,,,,,,,filesystem_aggregated,False,,,,,,,,,,,0
acr_llama3_70b,,0,/home/carol/Downloads/Workspaces/HPC_runACR_on_HotBugs/hotbugs_output/llama3:70b/hadoop_a7998921_2025-11-05_08-43-31,hadoop_a7998921_2025-11-05_08-43-31,hadoop,,a7998921,,,,,,,,,,,,filesystem_aggregated,False,,,,,,,,,,,0
acr_llama3_70b,,0,/home/carol/Downloads/Workspaces/HPC_runACR_on_HotBugs/hotbugs_output/llama3:70b/ambari_f4e0f6ca_2025-11-03_16-55-40,ambari_f4e0f6ca_2025-11-03_16-55-40,ambari,,f4e0f6ca,,,,,,,,,,,,filesystem_aggregated,False,,,,,,,,,,,0
acr_llama3_70b,,0,/home/carol/Downloads/Workspaces/HPC_runACR_on_HotBugs/hotbugs_output/llama3:70b/ambari_6928cf3b_2025-11-04_15-43-17,ambari_6928cf3b_2025-11-04_15-43-17,ambari,,6928cf3b,,,,,,,,,,,,filesystem_aggregated,False,,,,,,,,,,,0
acr_llama3_70b,,6,/home/carol/Downloads/Workspaces/HPC_runACR_on_HotBugs/hotbugs_output/llama3:70b/ambari_27a22897_2025-11-04_07-34-18,ambari_27a22897_2025-11-04_07-34-18,ambari,,27a22897,,,,,,,,,,,,filesystem_aggregated,True,,,,,,,,,,,6
acr_llama3_70b,,0,/home/carol/Downloads/Workspaces/HPC_runACR_on_HotBugs/hotbugs_output/llama3:70b/nifi_3921ab82_2025-11-04_09-10-08,nifi_3921ab82_2025-11-04_09-10-08,nifi,,3921ab82,,,,,,,,,,,,filesystem_aggregated,False,,,,,,,,,,,0
acr_llama3_70b,,0,/home/carol/Downloads/Workspaces/HPC_runACR_on_HotBugs/hotbugs_output/llama3:70b/ambari_274616eb_2025-11-04_12-46-15,ambari_274616eb_2025-11-04_12-46-15,ambari,,274616eb,,,,,,,,,,,,filesystem_aggregated,False,,,,,,,,,,,0
acr_llama3_70b,,0,/home/carol/Downloads/Workspaces/HPC_runACR_on_HotBugs/hotbugs_output/llama3:70b/hadoop_ad10cbd9_2025-11-05_08-56-52,hadoop_ad10cbd9_2025-11-05_08-56-52,hadoop,,ad10cbd9,,,,,,,,,,,,filesystem_aggregated,False,,,,,,,,,,,0
acr_llama3_70b,,0,/home/carol/Downloads/Workspaces/HPC_runACR_on_HotBugs/hotbugs_output/llama3:70b/calcite_d4d7ab99_2025-11-04_09-09-40,calcite_d4d7ab99_2025-11-04_09-09-40,calcite,,d4d7ab99,,,,,,,,,,,,filesystem_aggregated,False,,,,,,,,,,,0
acr_llama3_70b,,0,/home/carol/Downloads/Workspaces/HPC_runACR_on_HotBugs/hotbugs_output/llama3:70b/ambari_b7075841_2025-11-04_08-51-37,ambari_b7075841_2025-11-04_08-51-37,ambari,,b7075841,,,,,,,,,,,,filesystem_aggregated,False,,,,,,,,,,,0
acr_llama3_70b,,0,/home/carol/Downloads/Workspaces/HPC_runACR_on_HotBugs/hotbugs_output/llama3:70b/hbase_e06beb0d_2025-11-06_20-20-08,hbase_e06beb0d_2025-11-06_20-20-08,hbase,,e06beb0d,,,,,,,,,,,,filesystem_aggregated,False,,,,,,,,,,,0
acr_llama3_70b,,0,/home/carol/Downloads/Workspaces/HPC_runACR_on_HotBugs/hotbugs_output/llama3:70b/solr_3a63c58d_2025-11-06_06-13-48,solr_3a63c58d_2025-11-06_06-13-48,solr,,3a63c58d,,,,,,,,,,,,filesystem_aggregated,False,,,,,,,,,,,0
acr_llama3_70b,,0,/home/carol/Downloads/Workspaces/HPC_runACR_on_HotBugs/hotbugs_output/llama3:70b/flink_1836e08f_2025-11-03_11-07-33,flink_1836e08f_2025-11-03_11-07-33,flink,,1836e08f,,,,,,,,,,,,filesystem_aggregated,False,,,,,,,,,,,0
acr_llama3_70b,,0,/home/carol/Downloads/Workspaces/HPC_runACR_on_HotBugs/hotbugs_output/llama3:70b/solr_6d68694c_2025-11-04_08-51-51,solr_6d68694c_2025-11-04_08-51-51,solr,,6d68694c,,,,,,,,,,,,filesystem_aggregated,False,,,,,,,,,,,0
acr_llama3_70b,,0,/home/carol/Downloads/Workspaces/HPC_runACR_on_HotBugs/hotbugs_output/llama3:70b/ambari_a9a20f6b_2025-11-03_12-04-02,ambari_a9a20f6b_2025-11-03_12-04-02,ambari,,a9a20f6b,,,,,,,,,,,,filesystem_aggregated,False,,,,,,,,,,,0
acr_llama3_70b,,0,/home/carol/Downloads/Workspaces/HPC_runACR_on_HotBugs/hotbugs_output/llama3:70b/ambari_10636070_2025-11-02_08-01-41,ambari_10636070_2025-11-02_08-01-41,ambari,,10636070,,,,,,,,,,,,filesystem_aggregated,False,,,,,,,,,,,0
acr_llama3_70b,,0,/home/carol/Downloads/Workspaces/HPC_runACR_on_HotBugs/hotbugs_output/llama3:70b/ambari_bff239c0_2025-11-03_06-32-49,ambari_bff239c0_2025-11-03_06-32-49,ambari,,bff239c0,,,,,,,,,,,,filesystem_aggregated,False,,,,,,,,,,,0
acr_llama3_70b,,0,/home/carol/Downloads/Workspaces/HPC_runACR_on_HotBugs/hotbugs_output/llama3:70b/ambari_69c83419_2025-11-06_20-51-28,ambari_69c83419_2025-11-06_20-51-28,ambari,,69c83419,,,,,,,,,,,,filesystem_aggregated,False,,,,,,,,,,,0
acr_llama3_70b,,0,/home/carol/Downloads/Workspaces/HPC_runACR_on_HotBugs/hotbugs_output/llama3:70b/flink_e3759a5e_2025-11-04_06-32-22,flink_e3759a5e_2025-11-04_06-32-22,flink,,e3759a5e,,,,,,,,,,,,filesystem_aggregated,False,,,,,,,,,,,0
acr_llama3_70b,,0,/home/carol/Downloads/Workspaces/HPC_runACR_on_HotBugs/hotbugs_output/llama3:70b/calcite_b3f39163_2025-11-04_15-17-47,calcite_b3f39163_2025-11-04_15-17-47,calcite,,b3f39163,,,,,,,,,,,,filesystem_aggregated,False,,,,,,,,,,,0
acr_llama3_70b,,0,/home/carol/Downloads/Workspaces/HPC_runACR_on_HotBugs/hotbugs_output/llama3:70b/nifi_4417b9d6_2025-11-06_00-07-06,nifi_4417b9d6_2025-11-06_00-07-06,nifi,,4417b9d6,,,,,,,,,,,,filesystem_aggregated,False,,,,,,,,,,,0
acr_llama3_70b,,0,/home/carol/Downloads/Workspaces/HPC_runACR_on_HotBugs/hotbugs_output/llama3:70b/ambari_9948a0ac_2025-11-03_11-46-30,ambari_9948a0ac_2025-11-03_11-46-30,ambari,,9948a0ac,,,,,,,,,,,,filesystem_aggregated,False,,,,,,,,,,,0
acr_llama3_70b,,0,/home/carol/Downloads/Workspaces/HPC_runACR_on_HotBugs/hotbugs_output/llama3:70b/solr_0baf2fa3_2025-11-06_14-53-16,solr_0baf2fa3_2025-11-06_14-53-16,solr,,0baf2fa3,,,,,,,,,,,,filesystem_aggregated,False,,,,,,,,,,,0
acr_llama3_70b,,0,/home/carol/Downloads/Workspaces/HPC_runACR_on_HotBugs/hotbugs_output/llama3:70b/flink_42d8dde0_2025-11-03_16-30-42,flink_42d8dde0_2025-11-03_16-30-42,flink,,42d8dde0,,,,,,,,,,,,filesystem_aggregated,False,,,,,,,,,,,0
acr_llama3_70b,,0,/home/carol/Downloads/Workspaces/HPC_runACR_on_HotBugs/hotbugs_output/llama3:70b/ambari_6ddb4dba_2025-11-03_11-08-47,ambari_6ddb4dba_2025-11-03_11-08-47,ambari,,6ddb4dba,,,,,,,,,,,,filesystem_aggregated,False,,,,,,,,,,,0
acr_llama3_70b,,0,/home/carol/Downloads/Workspaces/HPC_runACR_on_HotBugs/hotbugs_output/llama3:70b/ambari_635ff2af_2025-11-04_19-42-23,ambari_635ff2af_2025-11-04_19-42-23,ambari,,635ff2af,,,,,,,,,,,,filesystem_aggregated,False,,,,,,,,,,,0
acr_llama3_70b,,0,/home/carol/Downloads/Workspaces/HPC_runACR_on_HotBugs/hotbugs_output/llama3:70b/ambari_d7e7b8df_2025-11-03_11-07-19,ambari_d7e7b8df_2025-11-03_11-07-19,ambari,,d7e7b8df,,,,,,,,,,,,filesystem_aggregated,False,,,,,,,,,,,0
acr_llama3_70b,,6,/home/carol/Downloads/Workspaces/HPC_runACR_on_HotBugs/hotbugs_output/llama3:70b/ambari_a5807823_2025-11-03_12-02-39,ambari_a5807823_2025-11-03_12-02-39,ambari,,a5807823,,,,,,,,,,,,filesystem_aggregated,True,,,,,,,,,,,6
acr_llama3_70b,,0,/home/carol/Downloads/Workspaces/HPC_runACR_on_HotBugs/hotbugs_output/llama3:70b/solr_b2b597b0_2025-11-04_23-00-03,solr_b2b597b0_2025-11-04_23-00-03,solr,,b2b597b0,,,,,,,,,,,,filesystem_aggregated,False,,,,,,,,,,,0
acr_llama3_70b,,0,/home/carol/Downloads/Workspaces/HPC_runACR_on_HotBugs/hotbugs_output/llama3:70b/solr_79351129_2025-11-05_10-17-36,solr_79351129_2025-11-05_10-17-36,solr,,79351129,,,,,,,,,,,,filesystem_aggregated,False,,,,,,,,,,,0
acr_llama3_70b,,0,/home/carol/Downloads/Workspaces/HPC_runACR_on_HotBugs/hotbugs_output/llama3:70b/nifi_10332535_2025-11-05_23-29-24,nifi_10332535_2025-11-05_23-29-24,nifi,,10332535,,,,,,,,,,,,filesystem_aggregated,False,,,,,,,,,,,0
acr_llama3_70b,,0,/home/carol/Downloads/Workspaces/HPC_runACR_on_HotBugs/hotbugs_output/llama3:70b/nifi_ecb87149_2025-11-06_00-29-32,nifi_ecb87149_2025-11-06_00-29-32,nifi,,ecb87149,,,,,,,,,,,,filesystem_aggregated,False,,,,,,,,,,,0
acr_llama3_70b,,0,/home/carol/Downloads/Workspaces/HPC_runACR_on_HotBugs/hotbugs_output/llama3:70b/kafka_e7663a30_2025-11-06_23-59-26,kafka_e7663a30_2025-11-06_23-59-26,kafka,,e7663a30,,,,,,,,,,,,filesystem_aggregated,False,,,,,,,,,,,0
acr_llama3_70b,,0,/home/carol/Downloads/Workspaces/HPC_runACR_on_HotBugs/hotbugs_output/llama3:70b/ambari_c530e009_2025-11-03_11-07-19,ambari_c530e009_2025-11-03_11-07-19,ambari,,c530e009,,,,,,,,,,,,filesystem_aggregated,False,,,,,,,,,,,0
acr_llama3_70b,,0,/home/carol/Downloads/Workspaces/HPC_runACR_on_HotBugs/hotbugs_output/llama3:70b/flink_d0fbd344_2025-11-03_10-05-27,flink_d0fbd344_2025-11-03_10-05-27,flink,,d0fbd344,,,,,,,,,,,,filesystem_aggregated,False,,,,,,,,,,,0
acr_llama3_70b,,6,/home/carol/Downloads/Workspaces/HPC_runACR_on_HotBugs/hotbugs_output/llama3:70b/hbase_9c1f2dd0_2025-11-05_20-36-36,hbase_9c1f2dd0_2025-11-05_20-36-36,hbase,,9c1f2dd0,,,,,,,,,,,,filesystem_aggregated,True,,,,,,,,,,,6
acr_llama3_70b,,0,/home/carol/Downloads/Workspaces/HPC_runACR_on_HotBugs/hotbugs_output/llama3:70b/hbase_190c253c_2025-11-05_11-24-47,hbase_190c253c_2025-11-05_11-24-47,hbase,,190c253c,,,,,,,,,,,,filesystem_aggregated,False,,,,,,,,,,,0
acr_llama3_70b,,0,/home/carol/Downloads/Workspaces/HPC_runACR_on_HotBugs/hotbugs_output/llama3:70b/ambari_6a906e63_2025-11-03_12-45-21,ambari_6a906e63_2025-11-03_12-45-21,ambari,,6a906e63,,,,,,,,,,,,filesystem_aggregated,False,,,,,,,,,,,0
acr_llama3_70b,,12,/home/carol/Downloads/Workspaces/HPC_runACR_on_HotBugs/hotbugs_output/llama3:70b/hadoop_31ebccc9_2025-11-05_19-19-49,hadoop_31ebccc9_2025-11-05_19-19-49,hadoop,,31ebccc9,,,,,,,,,,,,filesystem_aggregated,True,,,,,,,,,,,12
acr_llama3_70b,,0,/home/carol/Downloads/Workspaces/HPC_runACR_on_HotBugs/hotbugs_output/llama3:70b/jackrabbit_6fb52bbc_2025-11-05_16-20-44,jackrabbit_6fb52bbc_2025-11-05_16-20-44,jackrabbit,,6fb52bbc,,,,,,,,,,,,filesystem_aggregated,False,,,,,,,,,,,0
acr_llama3_70b,,0,/home/carol/Downloads/Workspaces/HPC_runACR_on_HotBugs/hotbugs_output/llama3:70b/solr_a027a355_2025-11-06_07-45-48,solr_a027a355_2025-11-06_07-45-48,solr,,a027a355,,,,,,,,,,,,filesystem_aggregated,False,,,,,,,,,,,0
acr_llama3_70b,,0,/home/carol/Downloads/Workspaces/HPC_runACR_on_HotBugs/hotbugs_output/llama3:70b/hadoop_770cc144_2025-11-05_20-22-56,hadoop_770cc144_2025-11-05_20-22-56,hadoop,,770cc144,,,,,,,,,,,,filesystem_aggregated,False,,,,,,,,,,,0
acr_llama3_70b,,6,/home/carol/Downloads/Workspaces/HPC_runACR_on_HotBugs/hotbugs_output/llama3:70b/ambari_8e23fa28_2025-11-03_11-28-50,ambari_8e23fa28_2025-11-03_11-28-50,ambari,,8e23fa28,,,,,,,,,,,,filesystem_aggregated,True,,,,,,,,,,,6
acr_llama3_70b,,0,/home/carol/Downloads/Workspaces/HPC_runACR_on_HotBugs/hotbugs_output/llama3:70b/hadoop_d720ebc2_2025-11-06_18-48-24,hadoop_d720ebc2_2025-11-06_18-48-24,hadoop,,d720ebc2,,,,,,,,,,,,filesystem_aggregated,False,,,,,,,,,,,0
acr_llama3_70b,,0,/home/carol/Downloads/Workspaces/HPC_runACR_on_HotBugs/hotbugs_output/llama3:70b/hadoop_3ca892dc_2025-11-05_19-46-29,hadoop_3ca892dc_2025-11-05_19-46-29,hadoop,,3ca892dc,,,,,,,,,,,,filesystem_aggregated,False,,,,,,,,,,,0
acr_llama3_70b,,0,/home/carol/Downloads/Workspaces/HPC_runACR_on_HotBugs/hotbugs_output/llama3:70b/ambari_8782442d_2025-11-03_11-27-44,ambari_8782442d_2025-11-03_11-27-44,ambari,,8782442d,,,,,,,,,,,,filesystem_aggregated,False,,,,,,,,,,,0
acr_llama3_70b,,0,/home/carol/Downloads/Workspaces/HPC_runACR_on_HotBugs/hotbugs_output/llama3:70b/hadoop_b1e05908_2025-11-05_09-27-56,hadoop_b1e05908_2025-11-05_09-27-56,hadoop,,b1e05908,,,,,,,,,,,,filesystem_aggregated,False,,,,,,,,,,,0
acr_llama3_70b,,0,/home/carol/Downloads/Workspaces/HPC_runACR_on_HotBugs/hotbugs_output/llama3:70b/kafka_98ea773a_2025-11-06_20-20-28,kafka_98ea773a_2025-11-06_20-20-28,kafka,,98ea773a,,,,,,,,,,,,filesystem_aggregated,False,,,,,,,,,,,0
acr_llama3_70b,,0,/home/carol/Downloads/Workspaces/HPC_runACR_on_HotBugs/hotbugs_output/llama3:70b/hbase_b3eb70c3_2025-11-05_21-54-06,hbase_b3eb70c3_2025-11-05_21-54-06,hbase,,b3eb70c3,,,,,,,,,,,,filesystem_aggregated,False,,,,,,,,,,,0
acr_llama3_70b,,0,/home/carol/Downloads/Workspaces/HPC_runACR_on_HotBugs/hotbugs_output/llama3:70b/jackrabbit_86824f03_2025-11-05_19-09-16,jackrabbit_86824f03_2025-11-05_19-09-16,jackrabbit,,86824f03,,,,,,,,,,,,filesystem_aggregated,False,,,,,,,,,,,0
acr_llama3_70b,,0,/home/carol/Downloads/Workspaces/HPC_runACR_on_HotBugs/hotbugs_output/llama3:70b/ambari_58dabba1_2025-11-04_19-41-39,ambari_58dabba1_2025-11-04_19-41-39,ambari,,58dabba1,,,,,,,,,,,,filesystem_aggregated,False,,,,,,,,,,,0
acr_llama3_70b,,0,/home/carol/Downloads/Workspaces/HPC_runACR_on_HotBugs/hotbugs_output/llama3:70b/kafka_be846d83_2025-11-06_23-56-19,kafka_be846d83_2025-11-06_23-56-19,kafka,,be846d83,,,,,,,,,,,,filesystem_aggregated,False,,,,,,,,,,,0
acr_llama3_70b,,0,/home/carol/Downloads/Workspaces/HPC_runACR_on_HotBugs/hotbugs_output/llama3:70b/nifi_570fc7f1_2025-11-06_00-04-31,nifi_570fc7f1_2025-11-06_00-04-31,nifi,,570fc7f1,,,,,,,,,,,,filesystem_aggregated,False,,,,,,,,,,,0
acr_llama3_70b,,0,/home/carol/Downloads/Workspaces/HPC_runACR_on_HotBugs/hotbugs_output/llama3:70b/hadoop_2b19054c_2025-11-05_19-25-14,hadoop_2b19054c_2025-11-05_19-25-14,hadoop,,2b19054c,,,,,,,,,,,,filesystem_aggregated,False,,,,,,,,,,,0
acr_llama3_70b,,0,/home/carol/Downloads/Workspaces/HPC_runACR_on_HotBugs/hotbugs_output/llama3:70b/hadoop_4c66882a_2025-11-05_20-00-22,hadoop_4c66882a_2025-11-05_20-00-22,hadoop,,4c66882a,,,,,,,,,,,,filesystem_aggregated,False,,,,,,,,,,,0
acr_llama3_70b,,0,/home/carol/Downloads/Workspaces/HPC_runACR_on_HotBugs/hotbugs_output/llama3:70b/nifi_f85ae68f_2025-11-07_00-46-20,nifi_f85ae68f_2025-11-07_00-46-20,nifi,,f85ae68f,,,,,,,,,,,,filesystem_aggregated,False,,,,,,,,,,,0
acr_llama3_70b,,0,/home/carol/Downloads/Workspaces/HPC_runACR_on_HotBugs/hotbugs_output/llama3:70b/jackrabbit_57c16ec4_2025-11-05_16-21-34,jackrabbit_57c16ec4_2025-11-05_16-21-34,jackrabbit,,57c16ec4,,,,,,,,,,,,filesystem_aggregated,False,,,,,,,,,,,0
acr_llama3_70b,,6,/home/carol/Downloads/Workspaces/HPC_runACR_on_HotBugs/hotbugs_output/llama3:70b/ambari_dba3fee7_2025-11-03_16-30-23,ambari_dba3fee7_2025-11-03_16-30-23,ambari,,dba3fee7,,,,,,,,,,,,filesystem_aggregated,True,,,,,,,,,,,6
acr_llama3_70b,,0,/home/carol/Downloads/Workspaces/HPC_runACR_on_HotBugs/hotbugs_output/llama3:70b/flink_2558c9ee_2025-11-03_11-12-13,flink_2558c9ee_2025-11-03_11-12-13,flink,,2558c9ee,,,,,,,,,,,,filesystem_aggregated,False,,,,,,,,,,,0
acr_llama3_70b,,12,/home/carol/Downloads/Workspaces/HPC_runACR_on_HotBugs/hotbugs_output/llama3:70b/kafka_c82afddc_2025-11-06_08-25-13,kafka_c82afddc_2025-11-06_08-25-13,kafka,,c82afddc,,,,,,,,,,,,filesystem_aggregated,True,,,,,,,,,,,12
acr_llama3_70b,,0,/home/carol/Downloads/Workspaces/HPC_runACR_on_HotBugs/hotbugs_output/llama3:70b/hadoop_bc159b5a_2025-11-05_10-50-16,hadoop_bc159b5a_2025-11-05_10-50-16,hadoop,,bc159b5a,,,,,,,,,,,,filesystem_aggregated,False,,,,,,,,,,,0
acr_llama3_70b,,6,/home/carol/Downloads/Workspaces/HPC_runACR_on_HotBugs/hotbugs_output/llama3:70b/ambari_9491f1fd_2025-11-03_11-45-15,ambari_9491f1fd_2025-11-03_11-45-15,ambari,,9491f1fd,,,,,,,,,,,,filesystem_aggregated,True,,,,,,,,,,,6
acr_llama3_70b,,6,/home/carol/Downloads/Workspaces/HPC_runACR_on_HotBugs/hotbugs_output/llama3:70b/hbase_21cb00ee_2025-11-06_01-20-10,hbase_21cb00ee_2025-11-06_01-20-10,hbase,,21cb00ee,,,,,,,,,,,,filesystem_aggregated,True,,,,,,,,,,,6
acr_llama3_70b,,12,/home/carol/Downloads/Workspaces/HPC_runACR_on_HotBugs/hotbugs_output/llama3:70b/kafka_5d9563d9_2025-11-05_21-43-11,kafka_5d9563d9_2025-11-05_21-43-11,kafka,,5d9563d9,,,,,,,,,,,,filesystem_aggregated,True,,,,,,,,,,,12
acr_llama3_70b,,6,/home/carol/Downloads/Workspaces/HPC_runACR_on_HotBugs/hotbugs_output/llama3:70b/ambari_c45b5497_2025-11-03_15-43-51,ambari_c45b5497_2025-11-03_15-43-51,ambari,,c45b5497,,,,,,,,,,,,filesystem_aggregated,True,,,,,,,,,,,6
acr_llama3_70b,,0,/home/carol/Downloads/Workspaces/HPC_runACR_on_HotBugs/hotbugs_output/llama3:70b/nifi_e81d7254_2025-11-06_00-03-55,nifi_e81d7254_2025-11-06_00-03-55,nifi,,e81d7254,,,,,,,,,,,,filesystem_aggregated,False,,,,,,,,,,,0
acr_llama3_70b,,0,/home/carol/Downloads/Workspaces/HPC_runACR_on_HotBugs/hotbugs_output/llama3:70b/hadoop_79b12f6f_2025-11-07_04-55-53,hadoop_79b12f6f_2025-11-07_04-55-53,hadoop,,79b12f6f,,,,,,,,,,,,filesystem_aggregated,False,,,,,,,,,,,0
acr_llama3_70b,,0,/home/carol/Downloads/Workspaces/HPC_runACR_on_HotBugs/hotbugs_output/llama3:70b/ambari_71959542_2025-11-03_11-27-13,ambari_71959542_2025-11-03_11-27-13,ambari,,71959542,,,,,,,,,,,,filesystem_aggregated,False,,,,,,,,,,,0
acr_llama3_70b,,0,/home/carol/Downloads/Workspaces/HPC_runACR_on_HotBugs/hotbugs_output/llama3:70b/ambari_6fae1889_2025-11-03_11-26-45,ambari_6fae1889_2025-11-03_11-26-45,ambari,,6fae1889,,,,,,,,,,,,filesystem_aggregated,False,,,,,,,,,,,0
acr_llama3,,18,/home/carol/Downloads/Workspaces/HPC_runACR_on_HotBugs/hotbugs_output/llama3/ambari_6ddb4dba_2025-10-30_21-23-00,ambari_6ddb4dba_2025-10-30_21-23-00,ambari,,6ddb4dba,,,,,,,,,,,,filesystem_aggregated,True,,,,,,,,,,,18
acr_llama3,,6,/home/carol/Downloads/Workspaces/HPC_runACR_on_HotBugs/hotbugs_output/llama3/flink_1836e08f_2025-10-15_18-33-10,flink_1836e08f_2025-10-15_18-33-10,flink,,1836e08f,,,,,,,,,,,,filesystem_aggregated,True,,,,,,,,,,,6
acr_llama3,,18,/home/carol/Downloads/Workspaces/HPC_runACR_on_HotBugs/hotbugs_output/llama3/ambari_10636070_2025-10-30_16-34-35,ambari_10636070_2025-10-30_16-34-35,ambari,,10636070,,,,,,,,,,,,filesystem_aggregated,True,,,,,,,,,,,18
acr_llama3,,18,/home/carol/Downloads/Workspaces/HPC_runACR_on_HotBugs/hotbugs_output/llama3/calcite_b3f39163_2025-10-30_17-20-39,calcite_b3f39163_2025-10-30_17-20-39,calcite,,b3f39163,,,,,,,,,,,,filesystem_aggregated,True,,,,,,,,,,,18
acr_llama3,,18,/home/carol/Downloads/Workspaces/HPC_runACR_on_HotBugs/hotbugs_output/llama3/nifi_102a9a2b_2025-10-15_17-15-26,nifi_102a9a2b_2025-10-15_17-15-26,nifi,,102a9a2b,,,,,,,,,,,,filesystem_aggregated,True,,,,,,,,,,,18
acr_llama3,,0,/home/carol/Downloads/Workspaces/HPC_runACR_on_HotBugs/hotbugs_output/llama3/hadoop_31ebccc9_2025-10-15_19-18-32,hadoop_31ebccc9_2025-10-15_19-18-32,hadoop,,31ebccc9,,,,,,,,,,,,filesystem_aggregated,False,,,,,,,,,,,0
acr_llama3,,18,/home/carol/Downloads/Workspaces/HPC_runACR_on_HotBugs/hotbugs_output/llama3/hbase_9c1f2dd0_2025-10-17_00-18-29,hbase_9c1f2dd0_2025-10-17_00-18-29,hbase,,9c1f2dd0,,,,,,,,,,,,filesystem_aggregated,True,,,,,,,,,,,18
acr_llama3,,0,/home/carol/Downloads/Workspaces/HPC_runACR_on_HotBugs/hotbugs_output/llama3/nifi_3492313d_2025-10-15_17-15-37,nifi_3492313d_2025-10-15_17-15-37,nifi,,3492313d,,,,,,,,,,,,filesystem_aggregated,False,,,,,,,,,,,0
acr_llama3,,0,/home/carol/Downloads/Workspaces/HPC_runACR_on_HotBugs/hotbugs_output/llama3/hadoop_49b4c0b3_2025-10-15_18-02-30,hadoop_49b4c0b3_2025-10-15_18-02-30,hadoop,,49b4c0b3,,,,,,,,,,,,filesystem_aggregated,False,,,,,,,,,,,0
acr_llama3,,18,/home/carol/Downloads/Workspaces/HPC_runACR_on_HotBugs/hotbugs_output/llama3/kafka_98ea773a_2025-10-31_13-43-20,kafka_98ea773a_2025-10-31_13-43-20,kafka,,98ea773a,,,,,,,,,,,,filesystem_aggregated,True,,,,,,,,,,,18
acr_llama3,,0,/home/carol/Downloads/Workspaces/HPC_runACR_on_HotBugs/hotbugs_output/llama3/ambari_6a906e63_2025-10-31_01-33-40,ambari_6a906e63_2025-10-31_01-33-40,ambari,,6a906e63,,,,,,,,,,,,filesystem_aggregated,False,,,,,,,,,,,0
acr_llama3,,6,/home/carol/Downloads/Workspaces/HPC_runACR_on_HotBugs/hotbugs_output/llama3/kafka_be846d83_2025-11-01_19-53-52,kafka_be846d83_2025-11-01_19-53-52,kafka,,be846d83,,,,,,,,,,,,filesystem_aggregated,True,,,,,,,,,,,6
acr_llama3,,0,/home/carol/Downloads/Workspaces/HPC_runACR_on_HotBugs/hotbugs_output/llama3/ambari_1eba77a9_2025-10-14_18-01-04,ambari_1eba77a9_2025-10-14_18-01-04,ambari,,1eba77a9,,,,,,,,,,,,filesystem_aggregated,False,,,,,,,,,,,0
acr_llama3,,18,/home/carol/Downloads/Workspaces/HPC_runACR_on_HotBugs/hotbugs_output/llama3/ambari_274616eb_2025-10-31_00-42-56,ambari_274616eb_2025-10-31_00-42-56,ambari,,274616eb,,,,,,,,,,,,filesystem_aggregated,True,,,,,,,,,,,18
acr_llama3,,0,/home/carol/Downloads/Workspaces/HPC_runACR_on_HotBugs/hotbugs_output/llama3/jackrabbit_57c16ec4_2025-10-15_17-23-51,jackrabbit_57c16ec4_2025-10-15_17-23-51,jackrabbit,,57c16ec4,,,,,,,,,,,,filesystem_aggregated,False,,,,,,,,,,,0
acr_llama3,,0,/home/carol/Downloads/Workspaces/HPC_runACR_on_HotBugs/hotbugs_output/llama3/ambari_71959542_2025-10-15_17-39-22,ambari_71959542_2025-10-15_17-39-22,ambari,,71959542,,,,,,,,,,,,filesystem_aggregated,False,,,,,,,,,,,0
acr_llama3,,18,/home/carol/Downloads/Workspaces/HPC_runACR_on_HotBugs/hotbugs_output/llama3/ambari_9948a0ac_2025-10-31_20-19-27,ambari_9948a0ac_2025-10-31_20-19-27,ambari,,9948a0ac,,,,,,,,,,,,filesystem_aggregated,True,,,,,,,,,,,18
acr_llama3,,18,/home/carol/Downloads/Workspaces/HPC_runACR_on_HotBugs/hotbugs_output/llama3/solr_3a63c58d_2025-10-31_19-13-10,solr_3a63c58d_2025-10-31_19-13-10,solr,,3a63c58d,,,,,,,,,,,,filesystem_aggregated,True,,,,,,,,,,,18
acr_llama3,,0,/home/carol/Downloads/Workspaces/HPC_runACR_on_HotBugs/hotbugs_output/llama3/hadoop_905c58ed_2025-10-16_23-45-29,hadoop_905c58ed_2025-10-16_23-45-29,hadoop,,905c58ed,,,,,,,,,,,,filesystem_aggregated,False,,,,,,,,,,,0
acr_llama3,,0,/home/carol/Downloads/Workspaces/HPC_runACR_on_HotBugs/hotbugs_output/llama3/flink_724fb3d8_2025-10-15_18-33-15,flink_724fb3d8_2025-10-15_18-33-15,flink,,724fb3d8,,,,,,,,,,,,filesystem_aggregated,False,,,,,,,,,,,0
acr_llama3,,18,/home/carol/Downloads/Workspaces/HPC_runACR_on_HotBugs/hotbugs_output/llama3/flink_2558c9ee_2025-10-15_18-54-15,flink_2558c9ee_2025-10-15_18-54-15,flink,,2558c9ee,,,,,,,,,,,,filesystem_aggregated,True,,,,,,,,,,,18
acr_llama3,,18,/home/carol/Downloads/Workspaces/HPC_runACR_on_HotBugs/hotbugs_output/llama3/solr_b2b597b0_2025-11-02_07-54-02,solr_b2b597b0_2025-11-02_07-54-02,solr,,b2b597b0,,,,,,,,,,,,filesystem_aggregated,True,,,,,,,,,,,18
acr_llama3,,18,/home/carol/Downloads/Workspaces/HPC_runACR_on_HotBugs/hotbugs_output/llama3/nifi_970ddf8f_2025-10-15_20-31-44,nifi_970ddf8f_2025-10-15_20-31-44,nifi,,970ddf8f,,,,,,,,,,,,filesystem_aggregated,True,,,,,,,,,,,18
acr_llama3,,0,/home/carol/Downloads/Workspaces/HPC_runACR_on_HotBugs/hotbugs_output/llama3/hadoop_2b19054c_2025-10-15_19-12-14,hadoop_2b19054c_2025-10-15_19-12-14,hadoop,,2b19054c,,,,,,,,,,,,filesystem_aggregated,False,,,,,,,,,,,0
acr_llama3,,18,/home/carol/Downloads/Workspaces/HPC_runACR_on_HotBugs/hotbugs_output/llama3/ambari_12c43397_2025-10-14_18-01-04,ambari_12c43397_2025-10-14_18-01-04,ambari,,12c43397,,,,,,,,,,,,filesystem_aggregated,True,,,,,,,,,,,18
acr_llama3,,18,/home/carol/Downloads/Workspaces/HPC_runACR_on_HotBugs/hotbugs_output/llama3/nifi_4417b9d6_2025-10-15_20-29-25,nifi_4417b9d6_2025-10-15_20-29-25,nifi,,4417b9d6,,,,,,,,,,,,filesystem_aggregated,True,,,,,,,,,,,18
acr_llama3,,18,/home/carol/Downloads/Workspaces/HPC_runACR_on_HotBugs/hotbugs_output/llama3/kafka_d62a42df_2025-10-31_18-40-21,kafka_d62a42df_2025-10-31_18-40-21,kafka,,d62a42df,,,,,,,,,,,,filesystem_aggregated,True,,,,,,,,,,,18
acr_llama3,,18,/home/carol/Downloads/Workspaces/HPC_runACR_on_HotBugs/hotbugs_output/llama3/ambari_c45b5497_2025-10-15_17-23-48,ambari_c45b5497_2025-10-15_17-23-48,ambari,,c45b5497,,,,,,,,,,,,filesystem_aggregated,True,,,,,,,,,,,18
acr_llama3,,0,/home/carol/Downloads/Workspaces/HPC_runACR_on_HotBugs/hotbugs_output/llama3/hbase_b3eb70c3_2025-10-16_21-26-33,hbase_b3eb70c3_2025-10-16_21-26-33,hbase,,b3eb70c3,,,,,,,,,,,,filesystem_aggregated,False,,,,,,,,,,,0
acr_llama3,,18,/home/carol/Downloads/Workspaces/HPC_runACR_on_HotBugs/hotbugs_output/llama3/ambari_b2fae8cb_2025-10-30_17-03-02,ambari_b2fae8cb_2025-10-30_17-03-02,ambari,,b2fae8cb,,,,,,,,,,,,filesystem_aggregated,True,,,,,,,,,,,18
acr_llama3,,6,/home/carol/Downloads/Workspaces/HPC_runACR_on_HotBugs/hotbugs_output/llama3/ambari_27a22897_2025-10-30_16-54-39,ambari_27a22897_2025-10-30_16-54-39,ambari,,27a22897,,,,,,,,,,,,filesystem_aggregated,True,,,,,,,,,,,6
acr_llama3,,0,/home/carol/Downloads/Workspaces/HPC_runACR_on_HotBugs/hotbugs_output/llama3/hadoop_0308423b_2025-10-16_21-33-55,hadoop_0308423b_2025-10-16_21-33-55,hadoop,,0308423b,,,,,,,,,,,,filesystem_aggregated,False,,,,,,,,,,,0
acr_llama3,,0,/home/carol/Downloads/Workspaces/HPC_runACR_on_HotBugs/hotbugs_output/llama3/flink_06437970_2025-10-15_17-42-23,flink_06437970_2025-10-15_17-42-23,flink,,06437970,,,,,,,,,,,,filesystem_aggregated,False,,,,,,,,,,,0
acr_llama3,,18,/home/carol/Downloads/Workspaces/HPC_runACR_on_HotBugs/hotbugs_output/llama3/jackrabbit_6fb52bbc_2025-10-17_04-49-10,jackrabbit_6fb52bbc_2025-10-17_04-49-10,jackrabbit,,6fb52bbc,,,,,,,,,,,,filesystem_aggregated,True,,,,,,,,,,,18
acr_llama3,,18,/home/carol/Downloads/Workspaces/HPC_runACR_on_HotBugs/hotbugs_output/llama3/nifi_e81d7254_2025-11-02_04-47-09,nifi_e81d7254_2025-11-02_04-47-09,nifi,,e81d7254,,,,,,,,,,,,filesystem_aggregated,True,,,,,,,,,,,18
acr_llama3,,0,/home/carol/Downloads/Workspaces/HPC_runACR_on_HotBugs/hotbugs_output/llama3/hadoop_b4c8567e_2025-10-15_17-23-58,hadoop_b4c8567e_2025-10-15_17-23-58,hadoop,,b4c8567e,,,,,,,,,,,,filesystem_aggregated,False,,,,,,,,,,,0
acr_llama3,,0,/home/carol/Downloads/Workspaces/HPC_runACR_on_HotBugs/hotbugs_output/llama3/hbase_190c253c_2025-10-17_00-04-34,hbase_190c253c_2025-10-17_00-04-34,hbase,,190c253c,,,,,,,,,,,,filesystem_aggregated,False,,,,,,,,,,,0
acr_llama3,,0,/home/carol/Downloads/Workspaces/HPC_runACR_on_HotBugs/hotbugs_output/llama3/jackrabbit_25dc4c9c_2025-10-15_17-23-51,jackrabbit_25dc4c9c_2025-10-15_17-23-51,jackrabbit,,25dc4c9c,,,,,,,,,,,,filesystem_aggregated,False,,,,,,,,,,,0
acr_llama3,,18,/home/carol/Downloads/Workspaces/HPC_runACR_on_HotBugs/hotbugs_output/llama3/solr_9ab0f64f_2025-11-01_10-33-12,solr_9ab0f64f_2025-11-01_10-33-12,solr,,9ab0f64f,,,,,,,,,,,,filesystem_aggregated,True,,,,,,,,,,,18
acr_llama3,,0,/home/carol/Downloads/Workspaces/HPC_runACR_on_HotBugs/hotbugs_output/llama3/hadoop_a8e7f745_2025-10-15_19-41-24,hadoop_a8e7f745_2025-10-15_19-41-24,hadoop,,a8e7f745,,,,,,,,,,,,filesystem_aggregated,False,,,,,,,,,,,0
acr_llama3,,18,/home/carol/Downloads/Workspaces/HPC_runACR_on_HotBugs/hotbugs_output/llama3/ambari_635ff2af_2025-10-31_09-52-31,ambari_635ff2af_2025-10-31_09-52-31,ambari,,635ff2af,,,,,,,,,,,,filesystem_aggregated,True,,,,,,,,,,,18
acr_llama3,,18,/home/carol/Downloads/Workspaces/HPC_runACR_on_HotBugs/hotbugs_output/llama3/solr_a027a355_2025-11-01_16-05-34,solr_a027a355_2025-11-01_16-05-34,solr,,a027a355,,,,,,,,,,,,filesystem_aggregated,True,,,,,,,,,,,18
acr_llama3,,0,/home/carol/Downloads/Workspaces/HPC_runACR_on_HotBugs/hotbugs_output/llama3/nifi_3921ab82_2025-10-15_17-15-17,nifi_3921ab82_2025-10-15_17-15-17,nifi,,3921ab82,,,,,,,,,,,,filesystem_aggregated,False,,,,,,,,,,,0
acr_llama3,,18,/home/carol/Downloads/Workspaces/HPC_runACR_on_HotBugs/hotbugs_output/llama3/hadoop_4c66882a_2025-10-15_19-15-56,hadoop_4c66882a_2025-10-15_19-15-56,hadoop,,4c66882a,,,,,,,,,,,,filesystem_aggregated,True,,,,,,,,,,,18
acr_llama3,,0,/home/carol/Downloads/Workspaces/HPC_runACR_on_HotBugs/hotbugs_output/llama3/hadoop_a4e0ff5e_2025-10-15_19-56-21,hadoop_a4e0ff5e_2025-10-15_19-56-21,hadoop,,a4e0ff5e,,,,,,,,,,,,filesystem_aggregated,False,,,,,,,,,,,0
acr_llama3,,18,/home/carol/Downloads/Workspaces/HPC_runACR_on_HotBugs/hotbugs_output/llama3/flink_d0fbd344_2025-10-16_21-42-16,flink_d0fbd344_2025-10-16_21-42-16,flink,,d0fbd344,,,,,,,,,,,,filesystem_aggregated,True,,,,,,,,,,,18
acr_llama3,,18,/home/carol/Downloads/Workspaces/HPC_runACR_on_HotBugs/hotbugs_output/llama3/kafka_c82afddc_2025-11-01_22-51-38,kafka_c82afddc_2025-11-01_22-51-38,kafka,,c82afddc,,,,,,,,,,,,filesystem_aggregated,True,,,,,,,,,,,18
acr_llama3,,18,/home/carol/Downloads/Workspaces/HPC_runACR_on_HotBugs/hotbugs_output/llama3/karaf_6650922f_2025-10-16_22-26-17,karaf_6650922f_2025-10-16_22-26-17,karaf,,6650922f,,,,,,,,,,,,filesystem_aggregated,True,,,,,,,,,,,18
acr_llama3,,0,/home/carol/Downloads/Workspaces/HPC_runACR_on_HotBugs/hotbugs_output/llama3/flink_42d8dde0_2025-10-16_23-12-22,flink_42d8dde0_2025-10-16_23-12-22,flink,,42d8dde0,,,,,,,,,,,,filesystem_aggregated,False,,,,,,,,,,,0
acr_llama3,,0,/home/carol/Downloads/Workspaces/HPC_runACR_on_HotBugs/hotbugs_output/llama3/hadoop_ad10cbd9_2025-10-15_19-56-21,hadoop_ad10cbd9_2025-10-15_19-56-21,hadoop,,ad10cbd9,,,,,,,,,,,,filesystem_aggregated,False,,,,,,,,,,,0
acr_llama3,,0,/home/carol/Downloads/Workspaces/HPC_runACR_on_HotBugs/hotbugs_output/llama3/flink_6b892a63_2025-10-16_23-36-38,flink_6b892a63_2025-10-16_23-36-38,flink,,6b892a63,,,,,,,,,,,,filesystem_aggregated,False,,,,,,,,,,,0
acr_llama3,,18,/home/carol/Downloads/Workspaces/HPC_runACR_on_HotBugs/hotbugs_output/llama3/nifi_10332535_2025-10-15_17-15-43,nifi_10332535_2025-10-15_17-15-43,nifi,,10332535,,,,,,,,,,,,filesystem_aggregated,True,,,,,,,,,,,18
acr_llama3,,0,/home/carol/Downloads/Workspaces/HPC_runACR_on_HotBugs/hotbugs_output/llama3/hadoop_3ca892dc_2025-10-15_18-02-30,hadoop_3ca892dc_2025-10-15_18-02-30,hadoop,,3ca892dc,,,,,,,,,,,,filesystem_aggregated,False,,,,,,,,,,,0
acr_llama3,,18,/home/carol/Downloads/Workspaces/HPC_runACR_on_HotBugs/hotbugs_output/llama3/calcite_618e601b_2025-10-31_01-37-41,calcite_618e601b_2025-10-31_01-37-41,calcite,,618e601b,,,,,,,,,,,,filesystem_aggregated,True,,,,,,,,,,,18
acr_llama3,,12,/home/carol/Downloads/Workspaces/HPC_runACR_on_HotBugs/hotbugs_output/llama3/nifi_f85ae68f_2025-10-17_07-25-12,nifi_f85ae68f_2025-10-17_07-25-12,nifi,,f85ae68f,,,,,,,,,,,,filesystem_aggregated,True,,,,,,,,,,,12
acr_llama3,,6,/home/carol/Downloads/Workspaces/HPC_runACR_on_HotBugs/hotbugs_output/llama3/jackrabbit_86824f03_2025-10-16_22-42-03,jackrabbit_86824f03_2025-10-16_22-42-03,jackrabbit,,86824f03,,,,,,,,,,,,filesystem_aggregated,True,,,,,,,,,,,6
acr_llama3,,0,/home/carol/Downloads/Workspaces/HPC_runACR_on_HotBugs/hotbugs_output/llama3/hadoop_890a2ebd_2025-10-15_19-37-18,hadoop_890a2ebd_2025-10-15_19-37-18,hadoop,,890a2ebd,,,,,,,,,,,,filesystem_aggregated,False,,,,,,,,,,,0
acr_llama3,,18,/home/carol/Downloads/Workspaces/HPC_runACR_on_HotBugs/hotbugs_output/llama3/flink_91a0c8c5_2025-10-15_17-14-07,flink_91a0c8c5_2025-10-15_17-14-07,flink,,91a0c8c5,,,,,,,,,,,,filesystem_aggregated,True,,,,,,,,,,,18
acr_llama3,,18,/home/carol/Downloads/Workspaces/HPC_runACR_on_HotBugs/hotbugs_output/llama3/flink_00863a28_2025-10-15_17-23-48,flink_00863a28_2025-10-15_17-23-48,flink,,00863a28,,,,,,,,,,,,filesystem_aggregated,True,,,,,,,,,,,18
acr_llama3,,18,/home/carol/Downloads/Workspaces/HPC_runACR_on_HotBugs/hotbugs_output/llama3/ambari_b7075841_2025-10-31_14-36-22,ambari_b7075841_2025-10-31_14-36-22,ambari,,b7075841,,,,,,,,,,,,filesystem_aggregated,True,,,,,,,,,,,18
acr_llama3,,0,/home/carol/Downloads/Workspaces/HPC_runACR_on_HotBugs/hotbugs_output/llama3/hadoop_bc159b5a_2025-10-15_20-03-54,hadoop_bc159b5a_2025-10-15_20-03-54,hadoop,,bc159b5a,,,,,,,,,,,,filesystem_aggregated,False,,,,,,,,,,,0
acr_llama3,,0,/home/carol/Downloads/Workspaces/HPC_runACR_on_HotBugs/hotbugs_output/llama3/hadoop_5cc8e991_2025-10-15_19-18-32,hadoop_5cc8e991_2025-10-15_19-18-32,hadoop,,5cc8e991,,,,,,,,,,,,filesystem_aggregated,False,,,,,,,,,,,0
acr_llama3,,18,/home/carol/Downloads/Workspaces/HPC_runACR_on_HotBugs/hotbugs_output/llama3/flink_31837a75_2025-10-16_19-59-50,flink_31837a75_2025-10-16_19-59-50,flink,,31837a75,,,,,,,,,,,,filesystem_aggregated,True,,,,,,,,,,,18
acr_llama3,,18,/home/carol/Downloads/Workspaces/HPC_runACR_on_HotBugs/hotbugs_output/llama3/kafka_e7663a30_2025-11-02_02-16-35,kafka_e7663a30_2025-11-02_02-16-35,kafka,,e7663a30,,,,,,,,,,,,filesystem_aggregated,True,,,,,,,,,,,18
acr_llama3,,18,/home/carol/Downloads/Workspaces/HPC_runACR_on_HotBugs/hotbugs_output/llama3/flink_74c45c48_2025-10-15_17-14-07,flink_74c45c48_2025-10-15_17-14-07,flink,,74c45c48,,,,,,,,,,,,filesystem_aggregated,True,,,,,,,,,,,18
acr_llama3,,0,/home/carol/Downloads/Workspaces/HPC_runACR_on_HotBugs/hotbugs_output/llama3/hadoop_770cc144_2025-10-16_12-59-40,hadoop_770cc144_2025-10-16_12-59-40,hadoop,,770cc144,,,,,,,,,,,,filesystem_aggregated,False,,,,,,,,,,,0
acr_llama3,,3,/home/carol/Downloads/Workspaces/HPC_runACR_on_HotBugs/hotbugs_output/llama3/nifi_ecb87149_2025-10-15_20-32-27,nifi_ecb87149_2025-10-15_20-32-27,nifi,,ecb87149,,,,,,,,,,,,filesystem_aggregated,True,,,,,,,,,,,3
acr_llama3,,0,/home/carol/Downloads/Workspaces/HPC_runACR_on_HotBugs/hotbugs_output/llama3/flink_2fbe562d_2025-10-16_19-09-00,flink_2fbe562d_2025-10-16_19-09-00,flink,,2fbe562d,,,,,,,,,,,,filesystem_aggregated,False,,,,,,,,,,,0
acr_llama3,,18,/home/carol/Downloads/Workspaces/HPC_runACR_on_HotBugs/hotbugs_output/llama3/solr_0b734cfe_2025-11-02_07-15-37,solr_0b734cfe_2025-11-02_07-15-37,solr,,0b734cfe,,,,,,,,,,,,filesystem_aggregated,True,,,,,,,,,,,18
acr_llama3,,0,/home/carol/Downloads/Workspaces/HPC_runACR_on_HotBugs/hotbugs_output/llama3/solr_0baf2fa3_2025-10-31_19-06-58,solr_0baf2fa3_2025-10-31_19-06-58,solr,,0baf2fa3,,,,,,,,,,,,filesystem_aggregated,False,,,,,,,,,,,0
acr_llama3,,0,/home/carol/Downloads/Workspaces/HPC_runACR_on_HotBugs/hotbugs_output/llama3/ambari_6fae1889_2025-10-31_09-55-09,ambari_6fae1889_2025-10-31_09-55-09,ambari,,6fae1889,,,,,,,,,,,,filesystem_aggregated,False,,,,,,,,,,,0
acr_llama3,,18,/home/carol/Downloads/Workspaces/HPC_runACR_on_HotBugs/hotbugs_output/llama3/flink_e3759a5e_2025-10-16_21-06-28,flink_e3759a5e_2025-10-16_21-06-28,flink,,e3759a5e,,,,,,,,,,,,filesystem_aggregated,True,,,,,,,,,,,18
acr_llama3,,18,/home/carol/Downloads/Workspaces/HPC_runACR_on_HotBugs/hotbugs_output/llama3/ambari_dba3fee7_2025-11-01_07-43-49,ambari_dba3fee7_2025-11-01_07-43-49,ambari,,dba3fee7,,,,,,,,,,,,filesystem_aggregated,True,,,,,,,,,,,18
acr_llama3,,18,/home/carol/Downloads/Workspaces/HPC_runACR_on_HotBugs/hotbugs_output/llama3/ambari_8782442d_2025-10-31_11-49-55,ambari_8782442d_2025-10-31_11-49-55,ambari,,8782442d,,,,,,,,,,,,filesystem_aggregated,True,,,,,,,,,,,18
acr_llama3,,18,/home/carol/Downloads/Workspaces/HPC_runACR_on_HotBugs/hotbugs_output/llama3/ambari_9491f1fd_2025-10-30_21-17-56,ambari_9491f1fd_2025-10-30_21-17-56,ambari,,9491f1fd,,,,,,,,,,,,filesystem_aggregated,True,,,,,,,,,,,18
acr_llama3,,0,/home/carol/Downloads/Workspaces/HPC_runACR_on_HotBugs/hotbugs_output/llama3/nifi_9cfdebc3_2025-10-15_19-09-00,nifi_9cfdebc3_2025-10-15_19-09-00,nifi,,9cfdebc3,,,,,,,,,,,,filesystem_aggregated,False,,,,,,,,,,,0
acr_llama3,,18,/home/carol/Downloads/Workspaces/HPC_runACR_on_HotBugs/hotbugs_output/llama3/solr_79351129_2025-10-30_15-56-25,solr_79351129_2025-10-30_15-56-25,solr,,79351129,,,,,,,,,,,,filesystem_aggregated,True,,,,,,,,,,,18
acr_llama3,,0,/home/carol/Downloads/Workspaces/HPC_runACR_on_HotBugs/hotbugs_output/llama3/hbase_21cb00ee_2025-10-17_00-10-31,hbase_21cb00ee_2025-10-17_00-10-31,hbase,,21cb00ee,,,,,,,,,,,,filesystem_aggregated,False,,,,,,,,,,,0
acr_llama3,,0,/home/carol/Downloads/Workspaces/HPC_runACR_on_HotBugs/hotbugs_output/llama3/hbase_e06beb0d_2025-10-15_18-55-39,hbase_e06beb0d_2025-10-15_18-55-39,hbase,,e06beb0d,,,,,,,,,,,,filesystem_aggregated,False,,,,,,,,,,,0
acr_llama3,,0,/home/carol/Downloads/Workspaces/HPC_runACR_on_HotBugs/hotbugs_output/llama3/ambari_a9a20f6b_2025-11-01_00-20-37,ambari_a9a20f6b_2025-11-01_00-20-37,ambari,,a9a20f6b,,,,,,,,,,,,filesystem_aggregated,False,,,,,,,,,,,0
acr_llama3,,0,/home/carol/Downloads/Workspaces/HPC_runACR_on_HotBugs/hotbugs_output/llama3/ambari_e3d5fd61_2025-11-01_12-48-21,ambari_e3d5fd61_2025-11-01_12-48-21,ambari,,e3d5fd61,,,,,,,,,,,,filesystem_aggregated,False,,,,,,,,,,,0
acr_llama3,,0,/home/carol/Downloads/Workspaces/HPC_runACR_on_HotBugs/hotbugs_output/llama3/hadoop_c04c5ec5_2025-10-16_23-51-39,hadoop_c04c5ec5_2025-10-16_23-51-39,hadoop,,c04c5ec5,,,,,,,,,,,,filesystem_aggregated,False,,,,,,,,,,,0
acr_llama3,,14,/home/carol/Downloads/Workspaces/HPC_runACR_on_HotBugs/hotbugs_output/llama3/flink_9c3be7e6_2025-10-15_17-14-04,flink_9c3be7e6_2025-10-15_17-14-04,flink,,9c3be7e6,,,,,,,,,,,,filesystem_aggregated,True,,,,,,,,,,,14
acr_llama3,,0,/home/carol/Downloads/Workspaces/HPC_runACR_on_HotBugs/hotbugs_output/llama3/solr_6d68694c_2025-11-02_07-53-35,solr_6d68694c_2025-11-02_07-53-35,solr,,6d68694c,,,,,,,,,,,,filesystem_aggregated,False,,,,,,,,,,,0
acr_llama3,,0,/home/carol/Downloads/Workspaces/HPC_runACR_on_HotBugs/hotbugs_output/llama3/hadoop_a7998921_2025-10-15_19-56-21,hadoop_a7998921_2025-10-15_19-56-21,hadoop,,a7998921,,,,,,,,,,,,filesystem_aggregated,False,,,,,,,,,,,0
acr_llama3,,18,/home/carol/Downloads/Workspaces/HPC_runACR_on_HotBugs/hotbugs_output/llama3/ambari_d7e7b8df_2025-11-01_04-41-04,ambari_d7e7b8df_2025-11-01_04-41-04,ambari,,d7e7b8df,,,,,,,,,,,,filesystem_aggregated,True,,,,,,,,,,,18
acr_llama3,,6,/home/carol/Downloads/Workspaces/HPC_runACR_on_HotBugs/hotbugs_output/llama3/ambari_c530e009_2025-11-01_00-25-57,ambari_c530e009_2025-11-01_00-25-57,ambari,,c530e009,,,,,,,,,,,,filesystem_aggregated,True,,,,,,,,,,,6
acr_llama3,,0,/home/carol/Downloads/Workspaces/HPC_runACR_on_HotBugs/hotbugs_output/llama3/hadoop_513ec3de_2025-10-15_18-13-02,hadoop_513ec3de_2025-10-15_18-13-02,hadoop,,513ec3de,,,,,,,,,,,,filesystem_aggregated,False,,,,,,,,,,,0
acr_llama3,,0,/home/carol/Downloads/Workspaces/HPC_runACR_on_HotBugs/hotbugs_output/llama3/hadoop_79b12f6f_2025-10-15_18-23-15,hadoop_79b12f6f_2025-10-15_18-23-15,hadoop,,79b12f6f,,,,,,,,,,,,filesystem_aggregated,False,,,,,,,,,,,0
acr_llama3,,6,/home/carol/Downloads/Workspaces/HPC_runACR_on_HotBugs/hotbugs_output/llama3/ambari_65ddaed6_2025-10-15_17-10-06,ambari_65ddaed6_2025-10-15_17-10-06,ambari,,65ddaed6,,,,,,,,,,,,filesystem_aggregated,True,,,,,,,,,,,6
acr_llama3,,18,/home/carol/Downloads/Workspaces/HPC_runACR_on_HotBugs/hotbugs_output/llama3/ambari_a5807823_2025-10-31_20-33-54,ambari_a5807823_2025-10-31_20-33-54,ambari,,a5807823,,,,,,,,,,,,filesystem_aggregated,True,,,,,,,,,,,18
acr_llama3,,18,/home/carol/Downloads/Workspaces/HPC_runACR_on_HotBugs/hotbugs_output/llama3/ambari_6928cf3b_2025-10-30_17-02-55,ambari_6928cf3b_2025-10-30_17-02-55,ambari,,6928cf3b,,,,,,,,,,,,filesystem_aggregated,True,,,,,,,,,,,18
acr_llama3,,0,/home/carol/Downloads/Workspaces/HPC_runACR_on_HotBugs/hotbugs_output/llama3/ambari_bff239c0_2025-10-15_17-42-22,ambari_bff239c0_2025-10-15_17-42-22,ambari,,bff239c0,,,,,,,,,,,,filesystem_aggregated,False,,,,,,,,,,,0
acr_llama3,,0,/home/carol/Downloads/Workspaces/HPC_runACR_on_HotBugs/hotbugs_output/llama3/hadoop_b1e05908_2025-10-15_20-03-54,hadoop_b1e05908_2025-10-15_20-03-54,hadoop,,b1e05908,,,,,,,,,,,,filesystem_aggregated,False,,,,,,,,,,,0
acr_llama3,,0,/home/carol/Downloads/Workspaces/HPC_runACR_on_HotBugs/hotbugs_output/llama3/nifi_570fc7f1_2025-10-15_20-29-46,nifi_570fc7f1_2025-10-15_20-29-46,nifi,,570fc7f1,,,,,,,,,,,,filesystem_aggregated,False,,,,,,,,,,,0
acr_llama3,,18,/home/carol/Downloads/Workspaces/HPC_runACR_on_HotBugs/hotbugs_output/llama3/ambari_8e23fa28_2025-10-16_12-47-05,ambari_8e23fa28_2025-10-16_12-47-05,ambari,,8e23fa28,,,,,,,,,,,,filesystem_aggregated,True,,,,,,,,,,,18
acr_llama3,,18,/home/carol/Downloads/Workspaces/HPC_runACR_on_HotBugs/hotbugs_output/llama3/ambari_69c83419_2025-10-31_10-06-00,ambari_69c83419_2025-10-31_10-06-00,ambari,,69c83419,,,,,,,,,,,,filesystem_aggregated,True,,,,,,,,,,,18
acr_llama3,,18,/home/carol/Downloads/Workspaces/HPC_runACR_on_HotBugs/hotbugs_output/llama3/flink_95b9adbe_2025-10-15_17-14-04,flink_95b9adbe_2025-10-15_17-14-04,flink,,95b9adbe,,,,,,,,,,,,filesystem_aggregated,True,,,,,,,,,,,18
acr_llama3,,18,/home/carol/Downloads/Workspaces/HPC_runACR_on_HotBugs/hotbugs_output/llama3/ambari_58dabba1_2025-10-30_16-09-28,ambari_58dabba1_2025-10-30_16-09-28,ambari,,58dabba1,,,,,,,,,,,,filesystem_aggregated,True,,,,,,,,,,,18
acr_llama3,,0,/home/carol/Downloads/Workspaces/HPC_runACR_on_HotBugs/hotbugs_output/llama3/hadoop_d720ebc2_2025-11-01_14-42-11,hadoop_d720ebc2_2025-11-01_14-42-11,hadoop,,d720ebc2,,,,,,,,,,,,filesystem_aggregated,False,,,,,,,,,,,0
acr_llama3,,8,/home/carol/Downloads/Workspaces/HPC_runACR_on_HotBugs/hotbugs_output/llama3/ambari_4104f2f9_2025-10-15_16-56-08,ambari_4104f2f9_2025-10-15_16-56-08,ambari,,4104f2f9,,,,,,,,,,,,filesystem_aggregated,True,,,,,,,,,,,8
acr_llama3,,18,/home/carol/Downloads/Workspaces/HPC_runACR_on_HotBugs/hotbugs_output/llama3/calcite_d4d7ab99_2025-10-30_18-50-48,calcite_d4d7ab99_2025-10-30_18-50-48,calcite,,d4d7ab99,,,,,,,,,,,,filesystem_aggregated,True,,,,,,,,,,,18
acr_llama3,,0,/home/carol/Downloads/Workspaces/HPC_runACR_on_HotBugs/hotbugs_output/llama3/kafka_5d9563d9_2025-11-01_16-25-57,kafka_5d9563d9_2025-11-01_16-25-57,kafka,,5d9563d9,,,,,,,,,,,,filesystem_aggregated,False,,,,,,,,,,,0
acr_llama3,,18,/home/carol/Downloads/Workspaces/HPC_runACR_on_HotBugs/hotbugs_output/llama3/ambari_f4e0f6ca_2025-10-31_14-49-27,ambari_f4e0f6ca_2025-10-31_14-49-27,ambari,,f4e0f6ca,,,,,,,,,,,,filesystem_aggregated,True,,,,,,,,,,,18
